approach,number,step,timestamp
RS,1,rs_approach_and_exposure,00:00:04
RS,1,rs_tumour_debunking_and_excision,00:02:38
RS,1,tumour_debulking,00:03:09
RS,1,idle_time,00:04:44
RS,1,tumour_debulking,00:05:44
RS,1,dissection_medial,00:11:52
RS,1,tumour_debulking,00:12:53
RS,1,dissection_inferior,00:15:55
RS,1,dissection_superior,00:15:58
RS,1,dissection_inferior,00:16:12
RS,1,idle_time,00:16:28
RS,1,tumour_debulking,00:16:46
RS,1,idle_time,00:17:06
RS,1,dissection_inferior,00:17:32
RS,1,idle_time,00:18:01
RS,1,tumour_debulking,00:18:38
RS,1,idle_time,00:19:58
RS,1,dissection_medial,00:22:35
RS,1,idle_time,00:25:50
RS,1,dissection_medial,00:26:22
RS,1,tumour_debulking,00:27:30
RS,1,idle_time,00:28:21
RS,1,dissection_medial,00:37:24
RS,1,dissection_superior,00:37:58
RS,1,idle_time,00:44:18
RS,1,dissection_medial,00:46:13
RS,1,dissection_superior,00:50:51
RS,1,idle_time,00:51:34
RS,1,tumour_debulking,00:51:40
RS,1,idle_time,00:56:30
RS,1,dissection_medial,00:59:08
RS,1,tumour_debulking,01:06:35
RS,1,idle_time,01:09:23
RS,1,dissection_inferior,01:11:27
RS,1,dissection_medial,01:14:13
RS,1,idle_time,01:15:58
RS,1,tumour_debulking,01:16:36
RS,1,idle_time,01:19:15
RS,1,dissection_medial,01:21:39
RS,1,dissection_superior,01:22:25
RS,1,dissection_medial,01:25:11
RS,1,idle_time,01:27:35
RS,1,dissection_medial,01:27:56
RS,1,dissection_superior,01:28:30
RS,1,dissection_medial,01:35:37
RS,1,dissection_superior,01:35:51
RS,1,dissection_medial,01:36:51
RS,1,dissection_superior,01:37:17
RS,1,idle_time,01:37:33
RS,1,dissection_superior,01:37:57
RS,1,idle_time,01:43:15
RS,1,dissection_superior,01:43:28
RS,1,idle_time,01:43:35
RS,1,dissection_medial,01:44:33
RS,1,idle_time,01:50:15
RS,1,dissection_medial,01:50:50
RS,1,idle_time,01:58:47
RS,1,dissection_medial,02:00:32
RS,1,idle_time,02:03:36
RS,1,dissection_medial,02:03:46
RS,1,tumour_debulking,02:05:24
RS,1,dissection_medial,02:08:26
RS,1,idle_time,02:27:23
RS,1,dissection_medial,02:28:25
RS,1,idle_time,02:29:59
RS,1,dissection_medial,02:31:15
RS,1,tumour_debulking,02:33:02
RS,1,dissection_medial,02:33:51
RS,1,tumour_debulking,02:35:44
RS,1,dissection_medial,02:36:31
RS,1,tumour_debulking,02:40:11
RS,1,dissection_medial,02:41:18
RS,1,dissection_inferior,02:43:40
RS,1,idle_time,02:44:33
RS,1,dissection_inferior,02:45:06
RS,1,tumour_debulking,02:50:50
RS,1,idle_time,02:52:47
RS,1,tumour_debulking,02:53:31
RS,1,dissection_inferior,02:54:25
RS,1,dissection_medial,02:57:35
RS,1,idle_time,03:01:00
RS,1,dissection_inferior,03:01:27
RS,1,dissection_medial,03:05:32
RS,1,tumour_debulking,03:07:00
RS,1,idle_time,03:09:08
RS,1,dissection_medial,03:11:05
RS,1,idle_time,03:16:44
RS,1,dissection_medial,03:17:51
RS,1,dissection_superior,03:22:43
RS,1,dissection_medial,03:24:46
RS,1,idle_time,03:28:23
RS,1,dissection_superior,03:28:41
RS,1,dissection_medial,03:31:10
RS,1,idle_time,03:32:00
RS,1,tumour_debulking,03:32:20
RS,1,dissection_superior,03:33:09
RS,1,tumour_debulking,03:33:29
RS,1,idle_time,03:39:38
RS,1,dissection_inferior,03:41:39
RS,1,dissection_medial,03:42:30
RS,1,tumour_debulking,03:50:20
RS,1,idle_time,03:55:50
RS,1,dissection_inferior,03:57:29
RS,1,dissection_medial,03:58:29
RS,1,idle_time,04:02:34
RS,1,dissection_medial,04:02:53
RS,1,idle_time,04:04:36
RS,1,dissection_medial,04:05:22
RS,1,dissection_inferior,04:06:23
RS,1,idle_time,04:13:22
RS,1,dissection_inferior,04:14:44
RS,1,tumour_debulking,04:35:23
RS,1,dissection_inferior,04:36:08
RS,1,idle_time,04:40:54
RS,1,tumour_debulking,04:41:13
RS,1,dissection_medial,04:43:56
RS,1,tumour_debulking,04:45:37
RS,1,idle_time,04:46:38
RS,1,dissection_inferior,04:48:23
RS,1,tumour_debulking,04:57:47
RS,1,dissection_inferior,04:58:49
RS,1,dissection_medial,05:00:47
RS,1,tumour_debulking,05:04:42
RS,1,dissection_medial,05:08:07
RS,1,tumour_debulking,05:08:49
RS,1,dissection_medial,05:11:10
RS,1,tumour_debulking,05:12:45
RS,1,dissection_medial,05:14:23
RS,1,idle_time,05:14:41
RS,1,dissection_superior,05:15:23
RS,1,tumour_debulking,05:16:02
RS,1,idle_time,05:22:14
RS,1,dissection_medial,05:24:17
RS,1,dissection_superior,05:27:39
RS,1,tumour_debulking,05:33:02
RS,1,idle_time,05:34:41
RS,1,dissection_medial,05:36:09
RS,1,tumour_debulking,05:37:28
RS,1,dissection_medial,05:39:37
RS,1,tumour_debulking,05:44:57
RS,1,dissection_inferior,05:48:46
RS,1,idle_time,05:50:02
RS,1,tumour_debulking,05:51:51
RS,1,idle_time,05:53:16
RS,1,dissection_inferior,05:55:11
RS,1,tumour_debulking,05:56:19
RS,1,rs_closure,05:57:49
RS,11,rs_approach_and_exposure,00:00:00
RS,11,rs_tumour_debunking_and_excision,00:04:52
RS,11,tumour_debulking,00:04:52
RS,11,idle_time,00:06:14
RS,11,tumour_debulking,00:07:19
RS,11,dissection_inferior,00:13:45
RS,11,dissection_medial,00:14:35
RS,11,idle_time,00:15:22
RS,11,dissection_superior,00:15:55
RS,11,idle_time,00:16:03
RS,11,tumour_debulking,00:16:56
RS,11,dissection_superior,00:20:28
RS,11,dissection_medial,00:22:01
RS,11,idle_time,00:24:11
RS,11,dissection_inferior,00:25:15
RS,11,dissection_medial,00:25:37
RS,11,dissection_inferior,00:30:38
RS,11,tumour_debulking,00:44:50
RS,11,dissection_medial,00:46:37
RS,11,tumour_debulking,00:47:19
RS,11,idle_time,00:48:00
RS,11,dissection_medial,00:48:34
RS,11,tumour_debulking,00:59:51
RS,11,dissection_superior,01:01:03
RS,11,tumour_debulking,01:02:58
RS,11,idle_time,01:04:08
RS,11,dissection_medial,01:04:38
RS,11,idle_time,01:05:07
RS,11,dissection_superior,01:06:38
RS,11,idle_time,01:13:11
RS,11,tumour_debulking,01:15:40
RS,11,dissection_inferior,01:18:24
RS,11,tumour_debulking,01:19:12
RS,11,idle_time,01:22:43
RS,11,dissection_inferior,01:23:19
RS,11,idle_time,01:23:52
RS,11,tumour_debulking,01:24:50
RS,11,idle_time,01:28:57
RS,11,dissection_medial,01:35:37
RS,11,idle_time,01:36:44
RS,11,dissection_inferior,01:38:10
RS,11,idle_time,01:39:02
RS,11,dissection_lateral,01:42:27
RS,11,idle_time,01:44:58
RS,11,dissection_lateral,01:47:04
RS,11,tumour_debulking,01:56:10
RS,11,idle_time,01:59:18
RS,11,tumour_debulking,02:00:49
RS,11,dissection_inferior,02:04:13
RS,11,tumour_debulking,02:05:39
RS,11,idle_time,02:06:22
RS,11,dissection_superior,02:08:15
RS,11,rs_closure,02:13:02
RS,11,Video finished from 02:30:00,02:30:00
RS,12,rs_approach_and_exposure,00:00:00
RS,12,dissection_lateral,00:33:06
RS,12,rs_tumour_debunking_and_excision,00:34:47
RS,12,tumour_debulking,00:34:48
RS,12,dissection_lateral,00:37:47
RS,12,idle_time,00:53:02
RS,12,dissection_medial,00:56:00
RS,12,idle_time,00:57:53
RS,12,dissection_superior,00:59:32
RS,12,idle_time,01:03:31
RS,12,tumour_debulking,01:04:37
RS,12,dissection_superior,01:05:59
RS,12,tumour_debulking,01:06:14
RS,12,dissection_lateral,01:09:50
RS,12,idle_time,01:10:33
RS,12,dissection_medial,01:11:24
RS,12,tumour_debulking,01:11:57
RS,12,dissection_inferior,01:13:55
RS,12,tumour_debulking,01:14:15
RS,12,dissection_superior,01:22:39
RS,12,dissection_lateral,01:25:14
RS,12,dissection_superior,01:27:57
RS,12,idle_time,01:32:41
RS,12,dissection_superior,01:33:31
RS,12,tumour_debulking,01:34:41
RS,12,dissection_superior,01:37:01
RS,12,idle_time,01:41:26
RS,12,dissection_superior,01:42:04
RS,12,idle_time,01:43:19
RS,12,dissection_superior,01:44:05
RS,12,idle_time,01:46:18
RS,12,dissection_medial,01:46:45
RS,12,idle_time,01:48:21
RS,12,dissection_medial,01:48:52
RS,12,dissection_inferior,01:49:48
RS,12,dissection_medial,01:52:35
RS,12,idle_time,01:57:20
RS,12,tumour_debulking,01:57:55
RS,12,dissection_superior,02:03:13
RS,12,idle_time,02:05:49
RS,12,dissection_medial,02:06:20
RS,12,tumour_debulking,02:07:48
RS,12,dissection_medial,02:10:05
RS,12,idle_time,02:13:39
RS,12,dissection_inferior,02:14:02
RS,12,idle_time,02:19:37
RS,12,dissection_inferior,02:20:35
RS,12,dissection_medial,02:21:02
RS,12,dissection_inferior,02:21:22
RS,12,idle_time,02:21:31
RS,12,dissection_inferior,02:21:44
RS,12,idle_time,02:26:23
RS,12,dissection_inferior,02:27:37
RS,12,idle_time,02:29:18
RS,12,tumour_debulking,02:29:40
RS,12,dissection_medial,02:32:09
RS,12,dissection_superior,02:34:44
RS,12,idle_time,02:40:30
RS,12,tumour_debulking,02:40:59
RS,12,idle_time,02:43:19
RS,12,dissection_superior,02:46:53
RS,12,idle_time,02:49:34
RS,12,tumour_debulking,02:53:14
RS,12,idle_time,02:55:15
RS,12,rs_closure,02:58:42
RS,13,rs_approach_and_exposure,00:00:00
RS,13,rs_tumour_debunking_and_excision,00:05:44
RS,13,tumour_debulking,00:05:45
RS,13,dissection_superior,00:12:29
RS,13,dissection_medial,00:15:06
RS,13,dissection_superior,00:18:32
RS,13,tumour_debulking,00:19:20
RS,13,dissection_superior,00:21:27
RS,13,tumour_debulking,00:22:21
RS,13,dissection_superior,00:24:00
RS,13,24:51 idle time,00:24:51
RS,13,dissection_inferior,00:26:24
RS,13,tumour_debulking,00:29:00
RS,13,dissection_inferior,00:31:44
RS,13,dissection_medial,00:33:07
RS,13,dissection_inferior,00:33:51
RS,13,tumour_debulking,00:34:15
RS,13,dissection_medial,00:36:20
RS,13,dissection_superior,00:40:38
RS,13,dissection_medial,00:41:15
RS,13,43:49 idle time,00:43:49
RS,13,dissection_superior,00:45:30
RS,13,48:48 idle time,00:48:48
RS,13,tumour_debulking,00:49:29
RS,13,dissection_inferior,00:58:24
RS,13,dissection_medial,01:03:22
RS,13,tumour_debulking,01:04:12
RS,13,dissection_inferior,01:07:47
RS,13,dissection_medial,01:09:12
RS,13,dissection_inferior,01:10:10
RS,13,dissection_medial,01:15:07
RS,13,dissection_inferior,01:17:06
RS,13,tumour_debulking,01:18:01
RS,13,dissection_medial,01:21:09
RS,13,tumour_debulking,01:23:27
RS,13,01:23:53 idle time,01:23:53
RS,13,dissection_inferior,01:24:53
RS,13,tumour_debulking,01:29:48
RS,13,dissection_inferior,01:34:56
RS,13,dissection_medial,01:38:26
RS,13,tumour_debulking,01:40:43
RS,13,dissection_superior,01:42:38
RS,13,tumour_debulking,01:43:43
RS,13,dissection_medial,01:46:17
RS,13,dissection_superior,01:48:28
RS,13,tumour_debulking,01:48:45
RS,13,dissection_inferior,01:49:13
RS,13,tumour_debulking,01:50:18
RS,13,dissection_inferior,01:51:44
RS,13,01:52:56 idle time,01:52:56
RS,13,dissection_lateral,01:58:13
RS,13,tumour_debulking,02:10:15
RS,13,dissection_superior,02:13:30
RS,13,dissection_inferior,02:15:20
RS,13,tumour_debulking,02:16:17
RS,13,dissection_superior,02:18:07
RS,13,tumour_debulking,02:18:29
RS,13,02:19:12 idle time,02:19:12
RS,13,dissection_superior,02:19:51
RS,13,dissection_inferior,02:20:14
RS,13,02:20:22 idle time,02:20:22
RS,13,dissection_lateral,02:20:59
RS,13,tumour_debulking,02:23:14
RS,13,rs_closure,02:25:16
RS,14,rs_approach_and_exposure,00:00:00
RS,14,rs_tumour_debunking_and_excision,00:02:31
RS,14,tumour_debulking,00:02:31
RS,14,idle_time,00:10:39
RS,14,dissection_medial,00:11:45
RS,14,idle_time,00:11:53
RS,14,dissection_medial,00:15:24
RS,14,idle_time,00:17:45
RS,14,dissection_medial,00:18:38
RS,14,dissection_inferior,00:19:25
RS,14,tumour_debulking,00:23:46
RS,14,dissection_medial,00:24:28
RS,14,tumour_debulking,00:28:28
RS,14,dissection_medial,00:29:49
RS,14,idle_time,00:32:10
RS,14,dissection_medial,00:33:03
RS,14,dissection_superior,00:33:28
RS,14,dissection_medial,00:34:33
RS,14,dissection_superior,00:37:26
RS,14,idle_time,00:37:32
RS,14,dissection_superior,00:37:49
RS,14,tumour_debulking,00:40:34
RS,14,idle_time,00:43:43
RS,14,tumour_debulking,00:44:23
RS,14,idle_time,00:48:00
RS,14,dissection_medial,00:49:25
RS,14,idle_time,00:51:17
RS,14,dissection_medial,00:53:27
RS,14,idle_time,00:55:12
RS,14,dissection_medial,00:56:06
RS,14,dissection_inferior,00:57:58
RS,14,tumour_debulking,01:02:08
RS,14,idle_time,01:05:12
RS,14,dissection_inferior,01:06:05
RS,14,dissection_medial,01:06:42
RS,14,idle_time,01:07:43
RS,14,dissection_medial,01:08:33
RS,14,idle_time,01:08:56
RS,14,dissection_inferior,01:09:45
RS,14,idle_time,01:13:20
RS,14,dissection_medial,01:16:58
RS,14,idle_time,01:18:20
RS,14,dissection_lateral,01:19:20
RS,14,idle_time,01:26:14
RS,14,tumour_debulking,01:26:56
RS,14,idle_time,01:29:15
RS,14,tumour_debulking,01:33:06
RS,14,idle_time,01:34:15
RS,14,dissection_lateral,01:35:21
RS,14,idle_time,01:42:25
RS,14,dissection_lateral,01:43:21
RS,14,tumour_debulking,02:01:41
RS,14,dissection_lateral,02:03:31
RS,14,idle_time,02:04:14
RS,14,dissection_superior,02:05:04
RS,14,idle_time,02:10:08
RS,14,dissection_medial,02:11:20
RS,14,dissection_superior,02:11:35
RS,14,tumour_debulking,02:15:11
RS,14,dissection_medial,02:16:33
RS,14,idle_time,02:19:39
RS,14,dissection_superior,02:20:38
RS,14,dissection_medial,02:21:05
RS,14,dissection_superior,02:22:14
RS,14,dissection_medial,02:25:35
RS,14,tumour_debulking,02:27:21
RS,14,idle_time,02:30:44
RS,14,tumour_debulking,02:31:06
RS,14,idle_time,02:33:57
RS,14,dissection_superior,02:35:03
RS,14,idle_time,02:36:26
RS,14,tumour_debulking,02:36:45
RS,14,idle_time,02:37:19
RS,14,dissection_inferior,02:41:34
RS,14,idle_time,02:42:47
RS,14,dissection_inferior,02:43:00
RS,14,dissection_medial,02:46:44
RS,14,dissection_inferior,02:47:12
RS,14,tumour_debulking,02:55:10
RS,14,dissection_inferior,02:56:39
RS,14,tumour_debulking,02:56:56
RS,14,dissection_inferior,02:57:28
RS,14,tumour_debulking,03:01:44
RS,14,idle_time,03:03:26
RS,14,dissection_medial,03:04:15
RS,14,idle_time,03:21:55
RS,14,tumour_debulking,03:22:20
RS,14,idle_time,03:25:31
RS,14,dissection_superior,03:26:27
RS,14,idle_time,03:28:53
RS,14,dissection_lateral,03:29:43
RS,14,idle_time,03:31:49
RS,14,dissection_lateral,03:32:28
RS,14,dissection_medial,03:35:48
RS,14,idle_time,03:37:10
RS,14,tumour_debulking,03:37:32
RS,14,idle_time,03:39:57
RS,14,dissection_inferior,03:46:05
RS,14,tumour_debulking,03:49:29
RS,14,idle_time,03:52:54
RS,14,dissection_inferior,03:52:59
RS,14,dissection_lateral,03:55:07
RS,14,dissection_superior,03:55:22
RS,14,idle_time,03:59:07
RS,14,dissection_superior,03:59:27
RS,14,idle_time,04:03:07
RS,14,tumour_debulking,04:03:33
RS,14,idle_time,04:07:51
RS,14,dissection_lateral,04:08:30
RS,14,idle_time,04:09:09
RS,14,dissection_superior,04:09:46
RS,14,tumour_debulking,04:11:07
RS,14,idle_time,04:11:39
RS,14,dissection_superior,04:12:15
RS,14,idle_time,04:12:30
RS,14,tumour_debulking,04:12:38
RS,14,idle_time,04:14:02
RS,14,dissection_lateral,04:14:20
RS,14,dissection_inferior,04:15:11
RS,14,idle_time,04:19:18
RS,14,dissection_inferior,04:20:53
RS,14,tumour_debulking,04:23:29
RS,14,idle_time,04:24:34
RS,14,tumour_debulking,04:25:00
RS,14,idle_time,04:25:29
RS,14,rs_closure,04:25:56
RS,14,Can cut from 04:46:35 to 04:58:50 (Idle time) ,04:46:35
RS,15,rs_approach_and_exposure,00:00:00
RS,15,rs_tumour_debunking_and_excision,00:30:41
RS,15,dissection_inferior,00:31:11
RS,15,dissection_medial,00:31:15
RS,15,dissection_inferior,00:31:24
RS,15,dissection_medial,00:33:22
RS,15,idle_time,00:34:05
RS,15,tumour_debulking,00:34:07
RS,15,idle_time,00:35:26
RS,15,tumour_debulking,00:35:51
RS,15,dissection_medial,00:37:08
RS,15,tumour_debulking,00:38:02
RS,15,idle_time,00:38:43
RS,15,dissection_lateral,00:39:23
RS,15,idle_time,00:40:08
RS,15,dissection_lateral,00:41:48
RS,15,idle_time,00:43:14
RS,15,dissection_medial,00:44:36
RS,15,tumour_debulking,00:49:21
RS,15,idle_time,00:50:01
RS,15,dissection_medial,00:50:48
RS,15,idle_time,00:52:04
RS,15,tumour_debulking,00:54:49
RS,15,idle_time,00:56:28
RS,15,dissection_lateral,00:58:32
RS,15,idle_time,01:05:42
RS,15,rs_closure,01:08:36
RS,15,idle_time,01:11:53
RS,15,Can cut from 01:11:53 to 01:24:16 (Idle time),01:11:53
RS,16,rs_approach_and_exposure,00:00:00
RS,16,dissection_lateral,00:23:59
RS,16,dissection_inferior,00:29:19
RS,16,dissection_lateral,00:29:32
RS,16,dissection_superior,00:29:45
RS,16,dissection_lateral,00:30:12
RS,16,dissection_superior,00:31:25
RS,16,dissection_lateral,00:31:28
RS,16,dissection_superior,00:32:16
RS,16,dissection_inferior,00:36:47
RS,16,rs_tumour_debunking_and_excision,00:40:54
RS,16,tumour_debulking,00:41:32
RS,16,dissection_medial,00:44:15
RS,16,dissection_inferior,00:44:27
RS,16,tumour_debulking,00:45:14
RS,16,dissection_medial,00:49:03
RS,16,dissection_superior,00:50:24
RS,16,dissection_medial,00:51:19
RS,16,dissection_superior,00:53:21
RS,16,dissection_medial,00:54:08
RS,16,tumour_debulking,00:54:29
RS,16,dissection_medial,01:00:27
RS,16,dissection_inferior,01:03:26
RS,16,dissection_lateral,01:04:35
RS,16,dissection_inferior,01:04:53
RS,16,tumour_debulking,01:10:10
RS,16,dissection_inferior,01:12:33
RS,16,dissection_medial,01:14:36
RS,16,dissection_inferior,01:17:23
RS,16,dissection_medial,01:17:47
RS,16,dissection_inferior,01:19:54
RS,16,dissection_lateral,01:22:05
RS,16,tumour_debulking,01:23:37
RS,16,dissection_medial,01:25:06
RS,16,dissection_inferior,01:27:07
RS,16,dissection_medial,01:29:50
RS,16,dissection_inferior,01:30:24
RS,16,dissection_medial,01:31:45
RS,16,dissection_inferior,01:32:48
RS,16,dissection_medial,01:33:12
RS,16,tumour_debulking,01:35:54
RS,16,dissection_medial,01:38:11
RS,16,dissection_superior,01:38:48
RS,16,dissection_medial,01:46:06
RS,16,tumour_debulking,01:47:43
RS,16,dissection_medial,01:49:10
RS,16,tumour_debulking,01:50:06
RS,16,dissection_inferior,01:51:41
RS,16,tumour_debulking,01:55:07
RS,16,dissection_inferior,01:58:01
RS,16,dissection_lateral,01:58:30
RS,16,dissection_inferior,01:59:13
RS,16,dissection_medial,02:01:28
RS,16,dissection_inferior,02:08:07
RS,16,dissection_medial,02:11:04
RS,16,dissection_lateral,02:13:37
RS,16,dissection_medial,02:14:44
RS,16,dissection_inferior,02:30:14
RS,16,idle_time,02:30:41
RS,16,tumour_debulking,02:31:13
RS,16,dissection_inferior,02:32:57
RS,16,tumour_debulking,02:35:12
RS,16,dissection_medial,02:37:55
RS,16,idle_time,02:40:34
RS,16,dissection_medial,02:41:03
RS,16,dissection_superior,02:42:38
RS,16,dissection_medial,02:45:33
RS,16,idle_time,02:48:21
RS,16,dissection_superior,02:48:29
RS,16,tumour_debulking,02:48:50
RS,16,dissection_superior,02:49:24
RS,16,tumour_debulking,02:50:15
RS,16,dissection_inferior,02:54:36
RS,16,dissection_lateral,02:55:29
RS,16,idle_time,02:57:23
RS,16,dissection_inferior,02:57:51
RS,16,idle_time,02:57:58
RS,16,tumour_debulking,02:58:24
RS,16,dissection_inferior,03:01:11
RS,16,dissection_lateral,03:03:09
RS,16,idle_time,03:03:51
RS,16,dissection_lateral,03:04:29
RS,16,dissection_inferior,03:05:16
RS,16,idle_time,03:06:06
RS,16,tumour_debulking,03:06:20
RS,16,dissection_superior,03:10:38
RS,16,idle_time,03:14:40
RS,16,dissection_medial,03:22:52
RS,16,idle_time,03:23:04
RS,16,dissection_lateral,03:23:09
RS,16,idle_time,03:23:16
RS,16,dissection_superior,03:23:29
RS,16,idle_time,03:23:49
RS,16,tumour_debulking,03:24:37
RS,16,idle_time,03:25:52
RS,16,rs_closure,03:26:25
RS,17,rs_approach_and_exposure,00:00:00
RS,17,rs_tumour_debunking_and_excision,00:52:06
RS,17,tumour_debulking,00:52:08
RS,17,idle_time,00:58:43
RS,17,dissection_superior,00:59:48
RS,17,dissection_lateral,01:00:35
RS,17,tumour_debulking,01:02:57
RS,17,dissection_inferior,01:05:52
RS,17,idle_time,01:08:06
RS,17,tumour_debulking,01:09:02
RS,17,idle_time,01:10:08
RS,17,dissection_medial,01:13:33
RS,17,dissection_inferior,01:23:56
RS,17,dissection_medial,01:26:47
RS,17,idle_time,01:29:39
RS,17,dissection_inferior,01:30:24
RS,17,dissection_medial,01:31:06
RS,17,idle_time,01:31:26
RS,17,dissection_medial,01:31:59
RS,17,idle_time,01:34:43
RS,17,tumour_debulking,01:36:21
RS,17,idle_time,01:39:47
RS,17,dissection_inferior,01:40:54
RS,17,idle_time,01:43:03
RS,17,dissection_medial,01:43:40
RS,17,idle_time,01:45:22
RS,17,dissection_medial,01:46:33
RS,17,dissection_superior,01:50:36
RS,17,idle_time,01:51:03
RS,17,dissection_superior,01:52:25
RS,17,idle_time,01:57:33
RS,17,dissection_medial,01:58:20
RS,17,idle_time,02:02:02
RS,17,dissection_inferior,02:03:44
RS,17,idle_time,02:06:40
RS,17,dissection_inferior,02:09:06
RS,17,idle_time,02:09:14
RS,17,dissection_inferior,02:10:22
RS,17,idle_time,02:10:49
RS,17,dissection_inferior,02:14:02
RS,17,idle_time,02:14:12
RS,17,dissection_medial,02:14:26
RS,17,idle_time,02:36:53
RS,17,dissection_medial,02:37:09
RS,17,idle_time,02:37:20
RS,17,dissection_medial,02:38:45
RS,17,idle_time,02:45:48
RS,17,tumour_debulking,02:46:25
RS,17,idle_time,02:48:41
RS,17,dissection_inferior,02:50:21
RS,17,dissection_medial,02:51:24
RS,17,tumour_debulking,02:52:33
RS,17,dissection_medial,02:53:48
RS,17,tumour_debulking,02:55:06
RS,17,idle_time,02:59:49
RS,17,dissection_inferior,03:03:36
RS,17,dissection_lateral,03:04:08
RS,17,dissection_inferior,03:10:38
RS,17,tumour_debulking,03:16:57
RS,17,idle_time,03:17:54
RS,17,dissection_inferior,03:18:56
RS,17,idle_time,03:20:51
RS,17,dissection_medial,03:21:48
RS,17,tumour_debulking,03:30:33
RS,17,idle_time,03:30:59
RS,17,dissection_medial,03:31:19
RS,17,idle_time,03:34:55
RS,17,dissection_medial,03:35:12
RS,17,idle_time,03:35:34
RS,17,dissection_superior,03:36:36
RS,17,dissection_medial,03:39:43
RS,17,tumour_debulking,03:47:52
RS,17,idle_time,03:51:02
RS,17,dissection_superior,03:51:41
RS,17,tumour_debulking,03:52:28
RS,17,idle_time,03:54:43
RS,17,tumour_debulking,03:58:02
RS,17,idle_time,04:00:14
RS,17,dissection_medial,04:05:27
RS,17,idle_time,04:16:33
RS,17,dissection_superior,04:20:10
RS,17,idle_time,04:21:04
RS,17,dissection_superior,04:22:07
RS,17,idle_time,04:24:10
RS,17,dissection_inferior,04:24:32
RS,17,idle_time,04:24:45
RS,17,dissection_superior,04:25:43
RS,17,idle_time,04:27:00
RS,17,dissection_superior,04:28:16
RS,17,dissection_medial,04:34:08
RS,17,dissection_superior,04:39:24
RS,17,idle_time,04:39:30
RS,17,tumour_debulking,04:39:44
RS,17,dissection_medial,04:41:43
RS,17,tumour_debulking,04:43:10
RS,17,idle_time,04:45:19
RS,17,dissection_superior,04:47:46
RS,17,idle_time,04:52:35
RS,17,tumour_debulking,04:53:00
RS,17,idle_time,04:54:42
RS,17,dissection_superior,04:55:07
RS,17,idle_time,04:56:11
RS,17,dissection_superior,04:57:20
RS,17,idle_time,05:01:23
RS,17,dissection_superior,05:02:19
RS,17,tumour_debulking,05:02:55
RS,17,idle_time,05:04:00
RS,17,tumour_debulking,05:04:10
RS,17,idle_time,05:05:46
RS,17,dissection_lateral,05:08:56
RS,17,tumour_debulking,05:12:21
RS,17,idle_time,05:13:22
RS,17,tumour_debulking,05:13:44
RS,17,idle_time,05:15:03
RS,17,rs_closure,05:19:51
RS,17,Can cut from 05:36:26 to 06:01:18 (Idle time),05:36:26
RS,20,rs_approach_and_exposure,00:00:00
RS,20,idle_time,00:18:52
RS,20,Can cut 18:52 to 19:15 (Idle time) ,00:19:21
RS,20,Can cut 26:44 to 36:30 (Idle time),00:36:41
RS,20,rs_tumour_debunking_and_excision,00:55:15
RS,20,tumour_debulking,00:55:20
RS,20,dissection_lateral,00:57:37
RS,20,idle_time,00:59:24
RS,20,tumour_debulking,01:00:00
RS,20,dissection_superior,01:06:05
RS,20,dissection_medial,01:06:23
RS,20,dissection_superior,01:12:09
RS,20,idle_time,01:13:44
RS,20,dissection_inferior,01:17:21
RS,20,dissection_medial,01:18:01
RS,20,dissection_superior,01:29:33
RS,20,idle_time,01:30:40
RS,20,dissection_medial,01:30:58
RS,20,idle_time,01:31:18
RS,20,tumour_debulking,01:31:36
RS,20,dissection_inferior,01:32:33
RS,20,tumour_debulking,01:32:49
RS,20,dissection_inferior,01:33:35
RS,20,dissection_medial,01:33:48
RS,20,idle_time,01:34:13
RS,20,dissection_inferior,01:34:33
RS,20,idle_time,01:38:41
RS,20,dissection_inferior,01:39:29
RS,20,tumour_debulking,01:40:19
RS,20,idle_time,01:42:36
RS,20,dissection_inferior,01:42:53
RS,20,dissection_lateral,01:43:06
RS,20,idle_time,01:45:58
RS,20,tumour_debulking,01:46:10
RS,20,idle_time,01:47:33
RS,20,dissection_medial,01:48:04
RS,20,dissection_superior,01:50:17
RS,20,idle_time,01:58:48
RS,20,dissection_superior,01:59:06
RS,20,tumour_debulking,02:00:22
RS,20,idle_time,02:02:36
RS,20,dissection_superior,02:03:23
RS,20,idle_time,02:08:45
RS,20,dissection_medial,02:11:16
RS,20,dissection_inferior,02:11:24
RS,20,idle_time,02:13:35
RS,20,dissection_inferior,02:16:48
RS,20,dissection_medial,02:16:53
RS,20,idle_time,02:21:54
RS,20,dissection_inferior,02:22:37
RS,20,dissection_medial,02:26:49
RS,20,idle_time,02:29:09
RS,20,dissection_medial,02:30:06
RS,20,idle_time,02:31:10
RS,20,dissection_medial,02:32:56
RS,20,idle_time,02:35:00
RS,20,dissection_medial,02:35:15
RS,20,idle_time,02:35:34
RS,20,tumour_debulking,02:36:00
RS,20,idle_time,02:43:24
RS,20,tumour_debulking,02:43:41
RS,20,idle_time,02:44:22
RS,20,dissection_medial,02:45:28
RS,20,idle_time,02:46:38
RS,20,dissection_superior,02:47:22
RS,20,tumour_debulking,02:53:47
RS,20,idle_time,02:54:08
RS,20,dissection_superior,02:54:22
RS,20,dissection_medial,02:58:23
RS,20,dissection_superior,03:00:02
RS,20,dissection_medial,03:01:42
RS,20,idle_time,03:02:12
RS,20,dissection_medial,03:04:38
RS,20,dissection_superior,03:17:54
RS,20,dissection_medial,03:19:48
RS,20,dissection_superior,03:22:52
RS,20,tumour_debulking,03:24:34
RS,20,idle_time,03:25:40
RS,20,dissection_inferior,03:26:01
RS,20,dissection_medial,03:29:08
RS,20,idle_time,03:31:18
RS,20,dissection_inferior,03:33:31
RS,20,tumour_debulking,03:34:25
RS,20,dissection_inferior,03:37:05
RS,20,dissection_medial,03:37:54
RS,20,idle_time,03:40:48
RS,20,tumour_debulking,03:40:53
RS,20,dissection_inferior,03:42:45
RS,20,dissection_medial,03:44:11
RS,20,idle_time,03:45:34
RS,20,dissection_inferior,03:46:13
RS,20,idle_time,03:47:50
RS,20,dissection_inferior,03:49:04
RS,20,tumour_debulking,03:50:51
RS,20,idle_time,03:53:03
RS,20,dissection_inferior,03:53:42
RS,20,dissection_medial,03:58:48
RS,20,idle_time,03:59:16
RS,20,dissection_inferior,04:00:15
RS,20,idle_time,04:00:34
RS,20,tumour_debulking,04:00:44
RS,20,idle_time,04:05:23
RS,20,dissection_superior,04:08:41
RS,20,dissection_medial,04:15:04
RS,20,tumour_debulking,04:19:24
RS,20,idle_time,04:21:55
RS,20,dissection_inferior,04:22:05
RS,20,idle_time,04:23:50
RS,20,dissection_inferior,04:24:13
RS,20,dissection_medial,04:25:08
RS,20,dissection_superior,04:31:02
RS,20,dissection_medial,04:31:48
RS,20,dissection_inferior,04:32:05
RS,20,tumour_debulking,04:32:33
RS,20,dissection_medial,04:36:28
RS,20,tumour_debulking,04:44:00
RS,20,dissection_medial,04:44:56
RS,20,dissection_inferior,04:45:54
RS,20,idle_time,04:46:27
RS,20,tumour_debulking,04:46:44
RS,20,idle_time,04:47:19
RS,20,tumour_debulking,04:49:34
RS,20,dissection_medial,04:51:17
RS,20,idle_time,04:52:34
RS,20,dissection_superior,04:53:52
RS,20,dissection_lateral,04:54:11
RS,20,dissection_medial,04:59:41
RS,20,dissection_lateral,05:00:09
RS,20,idle_time,05:00:32
RS,20,dissection_superior,05:01:01
RS,20,tumour_debulking,05:01:35
RS,20,idle_time,05:01:56
RS,20,rs_closure,05:02:12
RS,21,rs_approach_and_exposure,00:00:00
RS,21,rs_tumour_debunking_and_excision,00:31:01
RS,21,tumour_debulking,00:31:03
RS,21,idle_time,00:33:44
RS,21,dissection_medial,00:37:10
RS,21,dissection_inferior,00:38:30
RS,21,idle_time,00:41:33
RS,21,dissection_medial,00:42:21
RS,21,tumour_debulking,00:43:48
RS,21,dissection_medial,00:44:30
RS,21,tumour_debulking,00:45:46
RS,21,idle_time,00:46:57
RS,21,tumour_debulking,00:49:11
RS,21,idle_time,00:52:18
RS,21,tumour_debulking,00:52:25
RS,21,idle_time,00:54:32
RS,21,dissection_superior,00:55:12
RS,21,idle_time,00:59:27
RS,21,dissection_inferior,01:00:23
RS,21,idle_time,01:09:48
RS,21,dissection_inferior,01:10:39
RS,21,tumour_debulking,01:11:46
RS,21,dissection_inferior,01:13:30
RS,21,idle_time,01:16:44
RS,21,dissection_medial,01:17:19
RS,21,idle_time,01:19:40
RS,21,dissection_medial,01:21:02
RS,21,idle_time,01:22:13
RS,21,dissection_medial,01:23:37
RS,21,dissection_inferior,01:23:43
RS,21,idle_time,01:26:52
RS,21,dissection_medial,01:27:12
RS,21,idle_time,01:30:50
RS,21,tumour_debulking,01:31:09
RS,21,dissection_inferior,01:32:52
RS,21,tumour_debulking,01:38:29
RS,21,dissection_inferior,01:42:26
RS,21,dissection_medial,01:46:51
RS,21,dissection_inferior,01:47:11
RS,21,dissection_medial,01:49:02
RS,21,idle_time,01:49:44
RS,21,dissection_medial,01:50:08
RS,21,tumour_debulking,02:01:00
RS,21,idle_time,02:02:14
RS,21,dissection_inferior,02:02:37
RS,21,tumour_debulking,02:03:56
RS,21,dissection_inferior,02:05:31
RS,21,tumour_debulking,02:06:41
RS,21,idle_time,02:09:08
RS,21,tumour_debulking,02:10:28
RS,21,idle_time,02:11:50
RS,21,dissection_medial,02:12:51
RS,21,tumour_debulking,02:23:32
RS,21,dissection_medial,02:26:54
RS,21,dissection_superior,02:27:14
RS,21,idle_time,02:27:17
RS,21,dissection_superior,02:27:39
RS,21,tumour_debulking,02:29:41
RS,21,idle_time,02:31:44
RS,21,dissection_superior,02:32:39
RS,21,idle_time,02:37:47
RS,21,dissection_medial,02:38:04
RS,21,tumour_debulking,02:40:22
RS,21,idle_time,02:41:50
RS,21,dissection_medial,02:43:43
RS,21,idle_time,02:43:55
RS,21,dissection_lateral,02:59:01
RS,21,idle_time,03:03:00
RS,21,dissection_lateral,03:14:03
RS,21,idle_time,03:27:54
RS,21,dissection_lateral,03:30:19
RS,21,idle_time,03:52:35
RS,21,dissection_lateral,03:53:02
RS,21,idle_time,03:55:16
RS,21,dissection_lateral,03:56:40
RS,21,idle_time,03:59:08
RS,21,tumour_debulking,04:00:30
RS,21,idle_time,04:03:23
RS,21,dissection_medial,04:06:41
RS,21,dissection_inferior,04:07:18
RS,21,idle_time,04:08:37
RS,21,dissection_lateral,04:09:11
RS,21,tumour_debulking,04:15:28
RS,21,dissection_lateral,04:17:18
RS,21,tumour_debulking,04:17:53
RS,21,dissection_superior,04:19:17
RS,21,idle_time,04:21:41
RS,21,tumour_debulking,04:25:31
RS,21,idle_time,04:26:04
RS,21,tumour_debulking,04:28:17
RS,21,idle_time,04:33:08
RS,21,dissection_superior,04:34:53
RS,21,tumour_debulking,04:38:29
RS,21,idle_time,04:41:02
RS,21,tumour_debulking,04:42:01
RS,21,idle_time,04:43:05
RS,21,tumour_debulking,04:43:42
RS,21,dissection_superior,04:45:53
RS,21,idle_time,04:46:06
RS,21,tumour_debulking,04:46:34
RS,21,dissection_medial,04:47:21
RS,21,tumour_debulking,04:47:58
RS,21,idle_time,04:51:15
RS,21,dissection_superior,04:54:42
RS,21,tumour_debulking,04:59:57
RS,21,dissection_superior,05:02:27
RS,21,idle_time,05:02:46
RS,21,dissection_medial,05:04:30
RS,21,dissection_inferior,05:07:37
RS,21,idle_time,05:08:03
RS,21,dissection_inferior,05:08:20
RS,21,idle_time,05:09:34
RS,21,dissection_lateral,05:10:18
RS,21,tumour_debulking,05:10:40
RS,21,idle_time,05:13:27
RS,21,rs_closure,05:14:14
RS,22,rs_approach_and_exposure,00:00:00
RS,22,rs_tumour_debunking_and_excision,00:00:00
RS,22,This is a cystic tumour - with the cystic possibly already opened at the start of video,00:00:00
RS,22,idle_time,00:00:01
RS,22,dissection_lateral,00:02:26
RS,22,idle_time,00:04:04
RS,22,dissection_lateral,00:04:18
RS,22,tumour_debulking,00:06:56
RS,22,dissection_lateral,00:08:54
RS,22,tumour_debulking,00:09:18
RS,22,dissection_lateral,00:11:54
RS,22,dissection_medial,00:12:58
RS,22,dissection_inferior,00:13:37
RS,22,dissection_medial,00:14:09
RS,22,idle_time,00:14:18
RS,22,tumour_debulking,00:15:15
RS,22,idle_time,00:15:58
RS,22,dissection_superior,00:18:19
RS,22,tumour_debulking,00:19:52
RS,22,idle_time,00:20:12
RS,22,tumour_debulking,00:20:21
RS,22,dissection_medial,00:20:54
RS,22,idle_time,00:22:00
RS,22,tumour_debulking,00:22:22
RS,22,dissection_medial,00:22:54
RS,22,tumour_debulking,00:23:20
RS,22,dissection_medial,00:23:36
RS,22,dissection_inferior,00:25:14
RS,22,dissection_medial,00:26:11
RS,22,idle_time,00:27:00
RS,22,dissection_medial,00:27:35
RS,22,idle_time,00:27:51
RS,22,dissection_superior,00:28:56
RS,22,idle_time,00:31:15
RS,22,dissection_medial,00:32:01
RS,22,idle_time,00:35:08
RS,22,dissection_medial,00:35:52
RS,22,idle_time,00:39:33
RS,22,dissection_inferior,00:41:54
RS,22,tumour_debulking,00:43:14
RS,22,dissection_medial,00:44:14
RS,22,tumour_debulking,00:44:59
RS,22,dissection_medial,00:45:17
RS,22,idle_time,00:46:02
RS,22,dissection_inferior,00:47:41
RS,22,dissection_medial,00:52:19
RS,22,tumour_debulking,00:52:42
RS,22,idle_time,00:53:20
RS,22,tumour_debulking,00:53:42
RS,22,idle_time,00:53:53
RS,22,tumour_debulking,00:54:23
RS,22,idle_time,01:00:32
RS,22,dissection_medial,01:01:20
RS,22,idle_time,01:02:04
RS,22,dissection_medial,01:02:34
RS,22,idle_time,01:11:00
RS,22,dissection_medial,01:11:19
RS,22,tumour_debulking,01:11:32
RS,22,dissection_medial,01:14:25
RS,22,idle_time,01:18:42
RS,22,tumour_debulking,01:19:32
RS,22,dissection_medial,01:21:42
RS,22,idle_time,01:22:34
RS,22,dissection_inferior,01:23:52
RS,22,idle_time,01:28:01
RS,22,dissection_lateral,01:28:58
RS,22,dissection_superior,01:31:02
RS,22,idle_time,01:31:16
RS,22,dissection_superior,01:31:27
RS,22,dissection_inferior,01:32:05
RS,22,idle_time,01:36:10
RS,22,dissection_inferior,01:38:01
RS,22,tumour_debulking,01:56:21
RS,22,dissection_inferior,01:58:45
RS,22,idle_time,02:00:51
RS,22,dissection_superior,02:01:56
RS,22,idle_time,02:05:04
RS,22,Idle time as drilling?,02:05:04
RS,22,dissection_lateral,02:10:19
RS,22,idle_time,02:12:00
RS,22,dissection_lateral,02:14:13
RS,22,idle_time,02:14:58
RS,22,dissection_lateral,02:15:50
RS,22,idle_time,02:16:27
RS,22,dissection_lateral,02:16:46
RS,22,idle_time,02:18:09
RS,22,dissection_lateral,02:19:50
RS,22,idle_time,02:20:28
RS,22,dissection_lateral,02:20:57
RS,22,tumour_debulking,02:24:17
RS,22,dissection_lateral,02:26:47
RS,22,idle_time,02:38:22
RS,22,dissection_lateral,02:39:51
RS,22,idle_time,02:47:00
RS,22,dissection_lateral,02:47:21
RS,22,tumour_debulking,02:51:39
RS,22,idle_time,02:52:43
RS,22,dissection_medial,02:54:27
RS,22,idle_time,02:55:49
RS,22,dissection_medial,02:56:26
RS,22,tumour_debulking,02:58:43
RS,22,dissection_lateral,03:00:49
RS,22,idle_time,03:02:03
RS,22,dissection_lateral,03:02:44
RS,22,idle_time,03:15:01
RS,22,tumour_debulking,03:15:03
RS,22,idle_time,03:16:28
RS,22,dissection_medial,03:23:34
RS,22,tumour_debulking,03:26:49
RS,22,dissection_medial,03:29:50
RS,22,tumour_debulking,03:31:58
RS,22,idle_time,03:32:46
RS,22,tumour_debulking,03:35:30
RS,22,dissection_medial,03:38:16
RS,22,idle_time,03:39:21
RS,22,dissection_medial,03:39:56
RS,22,tumour_debulking,03:40:19
RS,22,dissection_medial,03:41:22
RS,22,tumour_debulking,03:43:09
RS,22,idle_time,03:45:00
RS,22,dissection_medial,03:46:09
RS,22,tumour_debulking,03:55:27
RS,22,dissection_medial,03:56:19
RS,22,tumour_debulking,04:00:44
RS,22,dissection_lateral,04:04:13
RS,22,tumour_debulking,04:10:54
RS,22,dissection_inferior,04:14:18
RS,22,tumour_debulking,04:16:22
RS,22,idle_time,04:17:30
RS,22,tumour_debulking,04:18:17
RS,22,idle_time,04:18:57
RS,22,dissection_medial,04:19:59
RS,22,tumour_debulking,04:29:40
RS,22,idle_time,04:31:43
RS,22,dissection_medial,04:32:09
RS,22,tumour_debulking,04:33:55
RS,22,dissection_medial,04:34:13
RS,22,tumour_debulking,04:36:10
RS,22,idle_time,04:37:06
RS,22,dissection_medial,04:38:19
RS,22,idle_time,04:38:47
RS,22,dissection_inferior,04:39:30
RS,22,idle_time,04:47:45
RS,22,dissection_inferior,04:48:36
RS,22,tumour_debulking,04:57:28
RS,22,idle_time,04:57:37
RS,22,dissection_inferior,04:57:57
RS,22,tumour_debulking,04:58:24
RS,22,idle_time,04:59:11
RS,22,tumour_debulking,04:59:40
RS,22,idle_time,05:00:06
RS,22,dissection_inferior,05:00:17
RS,22,idle_time,05:00:48
RS,22,dissection_lateral,05:02:08
RS,22,dissection_inferior,05:03:10
RS,22,tumour_debulking,05:05:14
RS,22,idle_time,05:07:52
RS,22,dissection_lateral,05:08:12
RS,22,dissection_superior,05:09:22
RS,22,idle_time,05:09:53
RS,22,tumour_debulking,05:11:00
RS,22,idle_time,05:13:26
RS,22,dissection_superior,05:13:46
RS,22,tumour_debulking,05:16:11
RS,22,dissection_superior,05:19:48
RS,22,tumour_debulking,05:20:19
RS,22,idle_time,05:20:37
RS,22,tumour_debulking,05:23:04
RS,22,dissection_medial,05:24:16
RS,22,tumour_debulking,05:26:10
RS,22,dissection_medial,05:29:42
RS,22,idle_time,05:30:36
RS,22,rs_closure,05:31:03
RS,23,rs_approach_and_exposure,00:00:00
RS,23,rs_tumour_debunking_and_excision,00:08:50
RS,23,tumour_debulking,00:08:50
RS,23,idle_time,00:14:07
RS,23,tumour_debulking,00:15:04
RS,23,dissection_medial,00:19:26
RS,23,dissection_superior,00:19:56
RS,23,idle_time,00:22:24
RS,23,dissection_medial,00:22:36
RS,23,idle_time,00:23:28
RS,23,dissection_medial,00:24:59
RS,23,dissection_inferior,00:25:52
RS,23,dissection_medial,00:27:35
RS,23,tumour_debulking,00:28:23
RS,23,dissection_medial,00:30:19
RS,23,dissection_inferior,00:30:27
RS,23,dissection_medial,00:30:38
RS,23,idle_time,00:31:37
RS,23,dissection_inferior,00:32:02
RS,23,dissection_medial,00:33:14
RS,23,tumour_debulking,00:41:46
RS,23,idle_time,00:42:39
RS,23,dissection_inferior,00:42:53
RS,23,dissection_lateral,00:44:49
RS,23,idle_time,00:44:57
RS,23,dissection_lateral,00:47:16
RS,23,idle_time,00:49:13
RS,23,Drill is being used - Idle time as no label,00:49:13
RS,23,dissection_lateral,00:50:41
RS,23,idle_time,00:50:49
RS,23,dissection_lateral,00:51:00
RS,23,idle_time,00:51:21
RS,23,idle_time,00:51:23
RS,23,dissection_lateral,00:54:26
RS,23,idle_time,00:57:33
RS,23,dissection_lateral,00:59:31
RS,23,idle_time,01:01:50
RS,23,tumour_debulking,01:02:35
RS,23,idle_time,01:04:13
RS,23,dissection_lateral,01:04:25
RS,23,tumour_debulking,01:08:01
RS,23,idle_time,01:09:23
RS,23,dissection_lateral,01:09:34
RS,23,dissection_medial,01:10:54
RS,23,idle_time,01:12:33
RS,23,dissection_medial,01:12:52
RS,23,idle_time,01:13:42
RS,23,dissection_medial,01:14:11
RS,23,dissection_lateral,01:18:31
RS,23,dissection_inferior,01:18:57
RS,23,idle_time,01:26:57
RS,23,dissection_inferior,01:27:10
RS,23,tumour_debulking,01:29:02
RS,23,dissection_medial,01:31:31
RS,23,tumour_debulking,01:32:36
RS,23,idle_time,01:34:17
RS,23,dissection_medial,01:34:43
RS,23,dissection_lateral,01:35:25
RS,23,dissection_inferior,01:36:00
RS,23,idle_time,01:36:11
RS,23,dissection_inferior,01:37:33
RS,23,tumour_debulking,01:38:27
RS,23,dissection_lateral,01:39:52
RS,23,tumour_debulking,01:41:13
RS,23,rs_closure,01:43:34
RS,24,rs_approach_and_exposure,00:00:00
RS,24,rs_tumour_debunking_and_excision,00:30:12
RS,24,tumour_debulking,00:30:12
RS,24,dissection_inferior,00:32:01
RS,24,tumour_debulking,00:32:29
RS,24,idle_time,00:33:01
RS,24,tumour_debulking,00:34:48
RS,24,idle_time,00:40:41
RS,24,tumour_debulking,00:42:39
RS,24,dissection_inferior,00:43:39
RS,24,idle_time,00:46:15
RS,24,dissection_inferior,00:46:31
RS,24,idle_time,00:49:14
RS,24,dissection_medial,00:50:14
RS,24,idle_time,00:53:17
RS,24,dissection_medial,00:55:22
RS,24,tumour_debulking,00:56:38
RS,24,dissection_medial,00:57:49
RS,24,dissection_superior,01:05:38
RS,24,dissection_medial,01:11:40
RS,24,tumour_debulking,01:13:21
RS,24,idle_time,01:16:13
RS,24,tumour_debulking,01:18:26
RS,24,idle_time,01:22:01
RS,24,dissection_inferior,01:24:38
RS,24,dissection_medial,01:25:24
RS,24,tumour_debulking,01:34:31
RS,24,dissection_medial,01:36:34
RS,24,idle_time,01:54:05
RS,24,dissection_inferior,01:54:24
RS,24,tumour_debulking,01:54:36
RS,24,dissection_medial,01:56:51
RS,24,idle_time,01:58:36
RS,24,dissection_medial,01:58:59
RS,24,idle_time,02:04:39
RS,24,dissection_medial,02:06:10
RS,24,dissection_superior,02:09:36
RS,24,tumour_debulking,02:09:58
RS,24,dissection_inferior,02:11:59
RS,24,dissection_superior,02:12:03
RS,24,dissection_lateral,02:14:12
RS,24,idle_time,02:14:36
RS,24,dissection_superior,02:15:07
RS,24,idle_time,02:16:54
RS,24,dissection_superior,02:17:21
RS,24,dissection_lateral,02:18:27
RS,24,idle_time,02:22:55
RS,24,dissection_lateral,02:23:13
RS,24,tumour_debulking,02:24:12
RS,24,idle_time,02:24:37
RS,24,tumour_debulking,02:25:24
RS,24,idle_time,02:27:08
RS,24,Started drilling,02:29:48
RS,24,Cannot see surgical field,02:31:27
RS,24,dissection_lateral,02:44:56
RS,24,tumour_debulking,02:48:25
RS,24,dissection_lateral,02:49:52
RS,24,tumour_debulking,02:51:31
RS,24,dissection_lateral,02:52:49
RS,24,idle_time,02:54:52
RS,24,dissection_medial,02:55:01
RS,24,tumour_debulking,02:56:22
RS,24,idle_time,03:00:10
RS,24,dissection_superior,03:01:48
RS,24,idle_time,03:07:13
RS,24,dissection_medial,03:08:52
RS,24,Cannot see surgical field,03:14:40
RS,24,tumour_debulking,03:15:09
RS,24,idle_time,03:16:12
RS,24,dissection_medial,03:19:29
RS,24,tumour_debulking,03:20:14
RS,24,idle_time,03:23:49
RS,24,dissection_medial,03:27:59
RS,24,idle_time,03:33:07
RS,24,dissection_medial,03:33:25
RS,24,tumour_debulking,03:39:00
RS,24,idle_time,03:40:56
RS,24,dissection_inferior,03:43:56
RS,24,tumour_debulking,03:49:04
RS,24,dissection_inferior,03:51:26
RS,24,tumour_debulking,03:53:33
RS,24,dissection_inferior,03:54:50
RS,24,tumour_debulking,03:55:22
RS,24,idle_time,03:55:42
RS,24,dissection_inferior,03:57:18
RS,24,dissection_medial,04:01:56
RS,24,idle_time,04:03:44
RS,24,dissection_medial,04:04:05
RS,24,idle_time,04:05:16
RS,24,dissection_medial,04:05:50
RS,24,tumour_debulking,04:07:47
RS,24,idle_time,04:09:40
RS,24,dissection_medial,04:11:05
RS,24,idle_time,04:13:51
RS,24,dissection_medial,04:15:08
RS,24,tumour_debulking,04:22:51
RS,24,idle_time,04:27:43
RS,24,tumour_debulking,04:28:35
RS,24,idle_time,04:32:09
RS,24,dissection_superior,04:34:29
RS,24,idle_time,04:34:57
RS,24,dissection_superior,04:39:41
RS,24,dissection_medial,04:40:14
RS,24,idle_time,04:40:58
RS,24,dissection_medial,04:41:37
RS,24,tumour_debulking,04:42:19
RS,24,idle_time,04:43:24
RS,24,tumour_debulking,04:44:05
RS,24,idle_time,04:44:58
RS,24,tumour_debulking,04:45:26
RS,24,idle_time,04:48:03
RS,24,tumour_debulking,04:48:10
RS,24,idle_time,04:48:32
RS,24,dissection_inferior,04:49:33
RS,24,idle_time,04:49:47
RS,24,tumour_debulking,04:50:06
RS,24,idle_time,04:52:37
RS,24,dissection_medial,04:54:30
RS,24,tumour_debulking,04:55:02
RS,24,idle_time,04:55:29
RS,24,dissection_medial,04:55:44
RS,24,tumour_debulking,04:57:45
RS,24,idle_time,04:58:58
RS,24,tumour_debulking,04:59:48
RS,24,idle_time,05:01:28
RS,24,dissection_medial,05:05:58
RS,24,idle_time,05:06:28
RS,24,dissection_medial,05:07:11
RS,24,tumour_debulking,05:10:46
RS,24,idle_time,05:10:57
RS,24,dissection_superior,05:12:08
RS,24,idle_time,05:13:09
RS,24,tumour_debulking,05:15:18
RS,24,idle_time,05:16:28
RS,24,dissection_lateral,05:17:00
RS,24,tumour_debulking,05:17:52
RS,24,idle_time,05:19:49
RS,24,dissection_lateral,05:21:18
RS,24,idle_time,05:21:29
RS,24,tumour_debulking,05:23:09
RS,24,idle_time,05:24:01
RS,24,dissection_superior,05:25:38
RS,24,tumour_debulking,05:27:42
RS,24,dissection_medial,05:28:27
RS,24,idle_time,05:33:13
RS,24,dissection_medial,05:33:58
RS,24,idle_time,05:35:48
RS,24,tumour_debulking,05:35:56
RS,24,idle_time,05:36:40
RS,24,dissection_medial,05:36:51
RS,24,idle_time,05:37:25
RS,24,dissection_medial,05:38:10
RS,24,tumour_debulking,05:42:08
RS,24,idle_time,05:42:40
RS,24,tumour_debulking,05:44:41
RS,24,idle_time,05:46:13
RS,24,dissection_medial,05:47:25
RS,24,idle_time,05:49:12
RS,24,tumour_debulking,05:49:52
RS,24,idle_time,05:50:04
RS,24,dissection_inferior,05:51:46
RS,24,tumour_debulking,05:57:12
RS,24,dissection_inferior,05:57:19
RS,24,tumour_debulking,05:58:17
RS,24,dissection_inferior,06:00:45
RS,24,tumour_debulking,06:04:19
RS,24,dissection_inferior,06:06:13
RS,24,dissection_medial,06:11:59
RS,24,idle_time,06:14:59
RS,24,dissection_inferior,06:15:14
RS,24,dissection_medial,06:18:57
RS,24,tumour_debulking,06:19:42
RS,24,idle_time,06:21:39
RS,24,dissection_medial,06:22:39
RS,24,idle_time,06:24:03
RS,24,tumour_debulking,06:24:27
RS,24,rs_closure,06:25:34
RS,25,rs_approach_and_exposure,00:00:00
RS,25,rs_tumour_debunking_and_excision,00:07:43
RS,25,tumour_debulking,00:07:43
RS,25,idle_time,00:09:00
RS,25,tumour_debulking,00:09:28
RS,25,idle_time,00:10:26
RS,25,tumour_debulking,00:10:49
RS,25,idle_time,00:15:19
RS,25,tumour_debulking,00:15:22
RS,25,idle_time,00:15:33
RS,25,tumour_debulking,00:15:38
RS,25,idle_time,00:15:56
RS,25,tumour_debulking,00:16:12
RS,25,idle_time,00:16:58
RS,25,tumour_debulking,00:17:12
RS,25,idle_time,00:17:29
RS,25,dissection_medial,00:18:02
RS,25,idle_time,00:19:53
RS,25,tumour_debulking,00:20:34
RS,25,idle_time,00:21:17
RS,25,dissection_superior,00:21:45
RS,25,dissection_medial,00:21:51
RS,25,tumour_debulking,00:22:09
RS,25,idle_time,00:23:00
RS,25,tumour_debulking,00:25:17
RS,25,idle_time,00:26:31
RS,25,dissection_medial,00:26:47
RS,25,idle_time,00:26:55
RS,25,tumour_debulking,00:27:25
RS,25,idle_time,00:27:51
RS,25,tumour_debulking,00:27:58
RS,25,idle_time,00:29:36
RS,25,dissection_medial,00:30:32
RS,25,idle_time,00:34:10
RS,25,dissection_medial,00:34:15
RS,25,tumour_debulking,00:38:42
RS,25,dissection_medial,00:38:58
RS,25,dissection_medial,00:39:45
RS,25,dissection_inferior,00:41:11
RS,25,idle_time,00:41:23
RS,25,dissection_medial,00:42:11
RS,25,dissection_inferior,00:42:19
RS,25,dissection_medial,00:42:45
RS,25,tumour_debulking,00:44:13
RS,25,idle_time,00:44:33
RS,25,dissection_medial,00:44:39
RS,25,dissection_inferior,00:45:39
RS,25,tumour_debulking,00:45:48
RS,25,idle_time,00:49:20
RS,25,dissection_medial,00:49:36
RS,25,dissection_inferior,00:51:08
RS,25,dissection_medial,00:54:48
RS,25,dissection_inferior,00:58:23
RS,25,idle_time,01:03:11
RS,25,dissection_medial,01:03:57
RS,25,tumour_debulking,01:04:37
RS,25,idle_time,01:07:38
RS,25,dissection_lateral,01:08:58
RS,25,idle_time,01:10:04
RS,25,dissection_inferior,01:10:36
RS,25,idle_time,01:10:45
RS,25,dissection_medial,01:11:06
RS,25,tumour_debulking,01:15:32
RS,25,dissection_medial,01:17:16
RS,25,dissection_inferior,01:19:43
RS,25,tumour_debulking,01:21:05
RS,25,idle_time,01:22:32
RS,25,tumour_debulking,01:22:37
RS,25,idle_time,01:23:04
RS,25,dissection_inferior,01:23:17
RS,25,tumour_debulking,01:24:46
RS,25,dissection_inferior,01:24:54
RS,25,idle_time,01:25:37
RS,25,dissection_inferior,01:25:56
RS,25,tumour_debulking,01:28:04
RS,25,idle_time,01:30:15
RS,25,dissection_inferior,01:30:26
RS,25,dissection_medial,01:30:54
RS,25,idle_time,01:31:34
RS,25,dissection_medial,01:32:18
RS,25,idle_time,01:32:55
RS,25,dissection_medial,01:33:10
RS,25,idle_time,01:33:30
RS,25,dissection_medial,01:34:32
RS,25,idle_time,01:38:02
RS,25,dissection_medial,01:38:39
RS,25,idle_time,01:39:42
RS,25,dissection_superior,01:39:56
RS,25,dissection_medial,01:40:25
RS,25,tumour_debulking,01:40:45
RS,25,idle_time,01:41:08
RS,25,tumour_debulking,01:41:30
RS,25,idle_time,01:43:34
RS,25,tumour_debulking,01:43:43
RS,25,idle_time,01:45:51
RS,25,dissection_superior,01:47:57
RS,25,dissection_medial,01:49:00
RS,25,idle_time,01:50:22
RS,25,dissection_medial,01:50:28
RS,25,tumour_debulking,01:53:00
RS,25,idle_time,01:53:20
RS,25,tumour_debulking,01:53:29
RS,25,idle_time,01:55:29
RS,25,dissection_medial,01:58:46
RS,25,tumour_debulking,02:01:00
RS,25,idle_time,02:02:49
RS,25,dissection_medial,02:03:28
RS,25,idle_time,02:14:06
RS,25,dissection_medial,02:14:20
RS,25,tumour_debulking,02:16:19
RS,25,dissection_medial,02:17:19
RS,25,idle_time,02:24:22
RS,25,dissection_medial,02:24:28
RS,25,dissection_inferior,02:26:04
RS,25,idle_time,02:26:09
RS,25,tumour_debulking,02:26:20
RS,25,idle_time,02:28:21
RS,25,dissection_inferior,02:29:22
RS,25,idle_time,02:29:53
RS,25,tumour_debulking,02:30:01
RS,25,idle_time,02:31:06
RS,25,dissection_inferior,02:31:50
RS,25,idle_time,02:32:37
RS,25,tumour_debulking,02:33:25
RS,25,dissection_inferior,02:35:21
RS,25,idle_time,02:41:52
RS,25,dissection_inferior,02:41:56
RS,25,dissection_lateral,02:43:42
RS,25,idle_time,02:44:25
RS,25,tumour_debulking,02:44:48
RS,25,idle_time,02:45:45
RS,25,dissection_superior,02:45:53
RS,25,dissection_medial,02:46:08
RS,25,dissection_medial,02:46:39
RS,25,idle_time,02:46:42
RS,25,dissection_medial,02:52:56
RS,25,dissection_inferior,02:53:47
RS,25,idle_time,02:57:59
RS,25,dissection_inferior,02:58:10
RS,25,dissection_medial,02:58:18
RS,25,idle_time,03:01:49
RS,25,dissection_medial,03:02:50
RS,25,dissection_inferior,03:03:06
RS,25,dissection_medial,03:04:36
RS,25,dissection_inferior,03:04:50
RS,25,dissection_medial,03:05:09
RS,25,dissection_inferior,03:06:45
RS,25,tumour_debulking,03:06:56
RS,25,idle_time,03:07:24
RS,25,dissection_medial,03:11:00
RS,25,idle_time,03:12:45
RS,25,dissection_medial,03:13:07
RS,25,tumour_debulking,03:15:26
RS,25,idle_time,03:17:41
RS,25,dissection_superior,03:18:01
RS,25,tumour_debulking,03:19:50
RS,25,idle_time,03:21:00
RS,25,dissection_medial,03:23:04
RS,25,dissection_superior,03:24:49
RS,25,dissection_medial,03:25:09
RS,25,idle_time,03:25:59
RS,25,dissection_medial,03:26:11
RS,25,idle_time,03:30:31
RS,25,Cannot see surgical field,03:30:31
RS,25,tumour_debulking,03:32:33
RS,25,idle_time,03:32:56
RS,25,dissection_medial,03:33:49
RS,25,idle_time,03:35:04
RS,25,dissection_medial,03:36:24
RS,25,idle_time,03:38:03
RS,25,dissection_medial,03:38:21
RS,25,idle_time,03:39:41
RS,25,dissection_medial,03:41:50
RS,25,idle_time,03:42:04
RS,25,tumour_debulking,03:44:14
RS,25,dissection_superior,03:45:50
RS,25,idle_time,03:46:32
RS,25,dissection_lateral,03:51:09
RS,25,idle_time,03:52:12
RS,25,dissection_lateral,03:58:31
RS,25,dissection_inferior,04:00:07
RS,25,dissection_lateral,04:02:42
RS,25,tumour_debulking,04:03:00
RS,25,idle_time,04:05:17
RS,25,dissection_inferior,04:06:18
RS,25,idle_time,04:08:16
RS,25,dissection_inferior,04:08:33
RS,25,tumour_debulking,04:09:09
RS,25,idle_time,04:10:02
RS,25,dissection_inferior,04:10:55
RS,25,idle_time,04:11:21
RS,25,dissection_inferior,04:11:24
RS,25,dissection_lateral,04:12:31
RS,25,idle_time,04:16:02
RS,25,dissection_lateral,04:17:30
RS,25,idle_time,04:18:47
RS,25,dissection_lateral,04:19:10
RS,25,idle_time,04:19:26
RS,25,dissection_lateral,04:19:34
RS,25,idle_time,04:20:06
RS,25,dissection_lateral,04:20:53
RS,25,idle_time,04:22:15
RS,25,dissection_lateral,04:22:58
RS,25,tumour_debulking,04:25:56
RS,25,idle_time,04:28:33
RS,25,dissection_lateral,04:28:50
RS,25,idle_time,04:32:37
RS,25,tumour_debulking,04:32:44
RS,25,idle_time,04:33:10
RS,25,tumour_debulking,04:33:22
RS,25,idle_time,04:33:39
RS,25,tumour_debulking,04:33:54
RS,25,idle_time,04:34:50
RS,25,dissection_medial,04:34:53
RS,25,dissection_inferior,04:35:41
RS,25,idle_time,04:35:54
RS,25,dissection_lateral,04:35:59
RS,25,idle_time,04:36:13
RS,25,dissection_inferior,04:36:19
RS,25,idle_time,04:36:38
RS,25,tumour_debulking,04:37:35
RS,25,idle_time,04:38:04
RS,25,tumour_debulking,04:39:56
RS,25,idle_time,04:40:29
RS,25,rs_closure,04:42:00
RS,26,rs_approach_and_exposure,00:00:00
RS,26,rs_tumour_debunking_and_excision,00:28:02
RS,26,tumour_debulking,00:28:02
RS,26,idle_time,00:30:31
RS,26,tumour_debulking,00:31:01
RS,26,idle_time,00:35:09
RS,26,dissection_medial,00:39:09
RS,26,tumour_debulking,00:46:15
RS,26,idle_time,00:48:08
RS,26,dissection_inferior,00:50:16
RS,26,idle_time,00:52:47
RS,26,dissection_inferior,00:53:08
RS,26,idle_time,01:00:44
RS,26,dissection_inferior,01:03:07
RS,26,dissection_medial,01:10:03
RS,26,tumour_debulking,01:17:53
RS,26,idle_time,01:19:04
RS,26,dissection_inferior,01:20:16
RS,26,dissection_medial,01:28:15
RS,26,dissection_inferior,01:29:54
RS,26,dissection_medial,01:30:20
RS,26,dissection_inferior,01:30:21
RS,26,tumour_debulking,01:30:42
RS,26,idle_time,01:30:48
RS,26,dissection_medial,01:31:27
RS,26,idle_time,01:33:35
RS,26,dissection_inferior,01:34:45
RS,26,idle_time,01:38:57
RS,26,tumour_debulking,01:39:05
RS,26,idle_time,01:39:27
RS,26,dissection_superior,01:43:43
RS,26,idle_time,01:44:17
RS,26,dissection_medial,01:45:26
RS,26,idle_time,01:53:22
RS,26,tumour_debulking,01:53:33
RS,26,idle_time,01:54:00
RS,26,dissection_medial,01:54:13
RS,26,idle_time,01:55:03
RS,26,dissection_medial,01:55:47
RS,26,idle_time,01:57:05
RS,26,dissection_medial,01:58:03
RS,26,dissection_inferior,02:01:11
RS,26,dissection_medial,02:01:54
RS,26,tumour_debulking,02:06:48
RS,26,idle_time,02:07:54
RS,26,tumour_debulking,02:08:06
RS,26,idle_time,02:08:23
RS,26,dissection_inferior,02:10:39
RS,26,tumour_debulking,02:15:04
RS,26,idle_time,02:16:17
RS,26,dissection_inferior,02:17:09
RS,26,idle_time,02:22:01
RS,26,dissection_inferior,02:22:24
RS,26,idle_time,02:25:37
RS,26,dissection_inferior,02:25:57
RS,26,idle_time,02:29:42
RS,26,dissection_inferior,02:29:58
RS,26,tumour_debulking,02:32:07
RS,26,idle_time,02:32:47
RS,26,dissection_inferior,02:34:03
RS,26,tumour_debulking,02:38:17
RS,26,idle_time,02:39:13
RS,26,tumour_debulking,02:42:49
RS,26,idle_time,02:43:00
RS,26,dissection_medial,02:43:44
RS,26,idle_time,02:45:19
RS,26,dissection_medial,02:45:32
RS,26,tumour_debulking,02:56:04
RS,26,idle_time,02:56:54
RS,26,dissection_superior,03:05:27
RS,26,dissection_lateral,03:06:53
RS,26,idle_time,03:07:05
RS,26,dissection_superior,03:08:19
RS,26,idle_time,03:09:09
RS,26,dissection_lateral,03:17:00
RS,26,idle_time,03:17:22
RS,26,dissection_lateral,03:22:20
RS,26,idle_time,03:23:19
RS,26,dissection_lateral,03:26:09
RS,26,idle_time,03:27:44
RS,26,dissection_lateral,03:28:33
RS,26,idle_time,03:35:59
RS,26,dissection_lateral,03:36:37
RS,26,idle_time,03:36:59
RS,26,tumour_debulking,03:37:35
RS,26,dissection_lateral,03:38:31
RS,26,dissection_superior,03:41:01
RS,26,idle_time,03:44:45
RS,26,dissection_inferior,03:52:37
RS,26,idle_time,03:57:37
RS,26,dissection_inferior,03:58:20
RS,26,idle_time,03:59:51
RS,26,dissection_inferior,04:00:01
RS,26,idle_time,04:00:23
RS,26,dissection_inferior,04:00:44
RS,26,tumour_debulking,04:04:28
RS,26,idle_time,04:08:14
RS,26,tumour_debulking,04:09:36
RS,26,idle_time,04:10:23
RS,26,tumour_debulking,04:10:27
RS,26,idle_time,04:10:54
RS,26,tumour_debulking,04:11:11
RS,26,idle_time,04:11:28
RS,26,dissection_superior,04:14:58
RS,26,idle_time,04:19:46
RS,26,tumour_debulking,04:20:23
RS,26,idle_time,04:20:36
RS,26,dissection_superior,04:23:52
RS,26,idle_time,04:24:13
RS,26,dissection_superior,04:25:25
RS,26,idle_time,04:28:05
RS,26,dissection_inferior,04:32:25
RS,26,idle_time,04:34:43
RS,26,dissection_inferior,04:35:27
RS,26,tumour_debulking,04:35:47
RS,26,idle_time,04:36:15
RS,26,rs_closure,04:40:13
RS,27,rs_approach_and_exposure,00:00:00
RS,27,rs_tumour_debunking_and_excision,00:20:22
RS,27,tumour_debulking,00:20:22
RS,27,Cystic component opened,00:20:22
RS,27,idle_time,00:21:51
RS,27,tumour_debulking,00:22:58
RS,27,idle_time,00:24:32
RS,27,dissection_inferior,00:25:24
RS,27,idle_time,00:26:08
RS,27,dissection_inferior,00:27:14
RS,27,tumour_debulking,00:28:00
RS,27,dissection_superior,00:29:00
RS,27,idle_time,00:30:43
RS,27,dissection_superior,00:30:59
RS,27,idle_time,00:31:48
RS,27,dissection_medial,00:33:07
RS,27,tumour_debulking,00:33:30
RS,27,idle_time,00:33:58
RS,27,dissection_superior,00:34:05
RS,27,dissection_medial,00:44:47
RS,27,idle_time,00:45:58
RS,27,dissection_inferior,00:47:53
RS,27,dissection_medial,00:50:19
RS,27,idle_time,00:51:42
RS,27,dissection_inferior,00:52:03
RS,27,Solid component opened,00:56:06
RS,27,tumour_debulking,00:58:32
RS,27,dissection_medial,00:58:57
RS,27,tumour_debulking,01:01:33
RS,27,idle_time,01:03:41
RS,27,tumour_debulking,01:07:04
RS,27,idle_time,01:08:29
RS,27,dissection_medial,01:10:35
RS,27,tumour_debulking,01:11:14
RS,27,idle_time,01:11:47
RS,27,dissection_inferior,01:13:59
RS,27,idle_time,01:15:07
RS,27,tumour_debulking,01:16:01
RS,27,idle_time,01:17:34
RS,27,dissection_inferior,01:18:28
RS,27,idle_time,01:21:10
RS,27,dissection_medial,01:22:58
RS,27,idle_time,01:26:32
RS,27,dissection_medial,01:26:57
RS,27,idle_time,01:30:52
RS,27,dissection_inferior,01:31:12
RS,27,idle_time,01:31:42
RS,27,dissection_inferior,01:32:05
RS,27,idle_time,01:34:06
RS,27,dissection_inferior,01:34:12
RS,27,idle_time,01:37:16
RS,27,dissection_inferior,01:38:03
RS,27,idle_time,01:42:57
RS,27,dissection_inferior,01:48:26
RS,27,dissection_lateral,01:50:12
RS,27,idle_time,01:52:28
RS,27,dissection_lateral,01:52:43
RS,27,idle_time,01:54:11
RS,27,dissection_lateral,01:54:35
RS,27,idle_time,02:03:33
RS,27,dissection_lateral,02:11:12
RS,27,idle_time,02:11:41
RS,27,dissection_lateral,02:14:34
RS,27,idle_time,02:16:07
RS,27,dissection_lateral,02:17:52
RS,27,idle_time,02:19:22
RS,27,dissection_lateral,02:21:14
RS,27,idle_time,02:27:33
RS,27,Cannot see surgical field,02:29:09
RS,27,dissection_lateral,02:29:36
RS,27,dissection_medial,02:31:02
RS,27,idle_time,02:31:34
RS,27,dissection_lateral,02:31:42
RS,27,idle_time,02:32:18
RS,27,dissection_lateral,02:33:40
RS,27,idle_time,02:39:13
RS,27,dissection_lateral,02:40:08
RS,27,idle_time,02:44:59
RS,27,dissection_superior,02:46:28
RS,27,idle_time,02:46:58
RS,27,dissection_superior,02:47:21
RS,27,dissection_medial,02:47:45
RS,27,tumour_debulking,02:48:49
RS,27,idle_time,02:49:31
RS,27,dissection_superior,02:50:04
RS,27,idle_time,02:51:14
RS,27,dissection_inferior,02:51:31
RS,27,dissection_inferior,02:52:27
RS,27,dissection_medial,02:52:47
RS,27,dissection_superior,02:52:56
RS,27,tumour_debulking,02:54:35
RS,27,idle_time,02:54:44
RS,27,rs_closure,02:55:40
RS,27,idle_time,03:03:38
RS,27,Video Finished from 03:03:37,03:03:38
RS,4,rs_approach_and_exposure,00:00:00
RS,4,idle_time,00:01:38
RS,4,rs_approach_and_exposure,00:02:25
RS,4,rs_tumour_debunking_and_excision,00:28:24
RS,4,tumour_debulking,00:28:24
RS,4,idle_time,00:29:07
RS,4,tumour_debulking,00:29:37
RS,4,idle_time,00:30:18
RS,4,tumour_debulking,00:30:35
RS,4,dissection_medial,00:36:39
RS,4,idle_time,00:38:56
RS,4,dissection_medial,00:39:09
RS,4,idle_time,00:40:03
RS,4,dissection_inferior,00:40:29
RS,4,idle_time,00:40:51
RS,4,dissection_inferior,00:40:59
RS,4,idle_time,00:43:56
RS,4,dissection_inferior,00:44:40
RS,4,dissection_medial,00:45:11
RS,4,tumour_debulking,00:45:28
RS,4,dissection_medial,00:45:49
RS,4,dissection_lateral,00:47:03
RS,4,idle_time,00:47:17
RS,4,dissection_lateral,00:47:27
RS,4,idle_time,00:48:06
RS,4,dissection_inferior,00:51:11
RS,4,dissection_medial,00:51:34
RS,4,idle_time,00:51:48
RS,4,dissection_medial,00:51:55
RS,4,idle_time,00:52:07
RS,4,dissection_medial,00:52:33
RS,4,idle_time,00:52:50
RS,4,tumour_debulking,00:53:29
RS,4,idle_time,00:55:06
RS,4,tumour_debulking,00:55:38
RS,4,idle_time,00:57:42
RS,4,dissection_medial,00:58:10
RS,4,idle_time,00:59:10
RS,4,dissection_lateral,00:59:54
RS,4,idle_time,00:59:56
RS,4,dissection_lateral,01:00:40
RS,4,tumour_debulking,01:01:05
RS,4,dissection_medial,01:02:06
RS,4,idle_time,01:03:28
RS,4,dissection_medial,01:03:56
RS,4,idle_time,01:08:11
RS,4,dissection_medial,01:08:32
RS,4,idle_time,01:09:11
RS,4,dissection_medial,01:10:35
RS,4,idle_time,01:11:43
RS,4,dissection_inferior,01:13:06
RS,4,dissection_inferior,01:13:37
RS,4,idle_time,01:16:00
RS,4,dissection_inferior,01:16:06
RS,4,dissection_lateral,01:20:58
RS,4,idle_time,01:21:50
RS,4,tumour_debulking,01:22:27
RS,4,dissection_inferior,01:23:50
RS,4,dissection_medial,01:25:20
RS,4,dissection_inferior,01:26:02
RS,4,dissection_medial,01:26:17
RS,4,dissection_inferior,01:27:51
RS,4,idle_time,01:30:13
RS,4,dissection_medial,01:30:22
RS,4,idle_time,01:33:32
RS,4,dissection_medial,01:33:58
RS,4,idle_time,01:36:25
RS,4,dissection_medial,01:39:28
RS,4,idle_time,01:43:16
RS,4,dissection_medial,01:43:47
RS,4,dissection_superior,01:47:54
RS,4,tumour_debulking,01:49:07
RS,4,idle_time,01:51:11
RS,4,tumour_debulking,01:51:21
RS,4,idle_time,01:53:11
RS,4,tumour_debulking,01:54:04
RS,4,idle_time,01:54:50
RS,4,dissection_medial,01:57:09
RS,4,idle_time,01:57:23
RS,4,dissection_medial,01:58:21
RS,4,tumour_debulking,02:01:23
RS,4,idle_time,02:01:53
RS,4,dissection_medial,02:02:12
RS,4,idle_time,02:02:42
RS,4,dissection_medial,02:03:43
RS,4,idle_time,02:04:15
RS,4,dissection_medial,02:05:00
RS,4,idle_time,02:08:52
RS,4,dissection_inferior,02:09:27
RS,4,idle_time,02:10:10
RS,4,dissection_medial,02:11:09
RS,4,tumour_debulking,02:14:02
RS,4,dissection_medial,02:14:26
RS,4,idle_time,02:14:42
RS,4,tumour_debulking,02:15:02
RS,4,dissection_inferior,02:16:04
RS,4,idle_time,02:17:50
RS,4,dissection_inferior,02:19:21
RS,4,tumour_debulking,02:26:56
RS,4,dissection_inferior,02:28:23
RS,4,dissection_inferior,02:28:27
RS,4,idle_time,02:29:05
RS,4,dissection_medial,02:29:10
RS,4,tumour_debulking,02:30:10
RS,4,idle_time,02:30:45
RS,4,dissection_inferior,02:31:17
RS,4,idle_time,02:32:40
RS,4,dissection_inferior,02:34:06
RS,4,idle_time,02:37:09
RS,4,dissection_medial,02:38:26
RS,4,dissection_inferior,02:42:22
RS,4,tumour_debulking,03:03:17
RS,4,idle_time,03:05:33
RS,4,dissection_superior,03:06:13
RS,4,idle_time,03:07:43
RS,4,tumour_debulking,03:07:54
RS,4,idle_time,03:12:46
RS,4,dissection_superior,03:17:29
RS,4,dissection_lateral,03:18:09
RS,4,tumour_debulking,03:21:42
RS,4,dissection_lateral,03:23:52
RS,4,tumour_debulking,03:25:09
RS,4,idle_time,03:25:25
RS,4,dissection_lateral,03:26:33
RS,4,dissection_superior,03:27:32
RS,4,tumour_debulking,03:27:49
RS,4,dissection_superior,03:28:39
RS,4,tumour_debulking,03:31:38
RS,4,idle_time,03:32:24
RS,4,dissection_lateral,03:35:59
RS,4,idle_time,03:36:15
RS,4,dissection_lateral,03:47:27
RS,4,idle_time,03:48:21
RS,4,dissection_lateral,03:49:58
RS,4,idle_time,03:51:17
RS,4,dissection_lateral,03:51:50
RS,4,idle_time,03:52:41
RS,4,dissection_lateral,03:56:07
RS,4,idle_time,03:59:12
RS,4,dissection_lateral,03:59:25
RS,4,idle_time,04:00:54
RS,4,dissection_lateral,04:01:39
RS,4,idle_time,04:04:43
RS,4,dissection_superior,04:09:19
RS,4,dissection_lateral,04:15:38
RS,4,idle_time,04:16:34
RS,4,dissection_superior,04:16:39
RS,4,idle_time,04:17:54
RS,4,dissection_superior,04:18:38
RS,4,tumour_debulking,04:23:50
RS,4,dissection_superior,04:25:52
RS,4,tumour_debulking,04:28:21
RS,4,dissection_superior,04:29:22
RS,4,tumour_debulking,04:45:42
RS,4,idle_time,04:46:26
RS,4,tumour_debulking,04:46:39
RS,4,idle_time,04:47:21
RS,4,tumour_debulking,04:51:12
RS,4,dissection_inferior,04:54:45
RS,4,dissection_lateral,04:58:13
RS,4,dissection_inferior,05:00:25
RS,4,tumour_debulking,05:01:20
RS,4,dissection_inferior,05:03:17
RS,4,idle_time,05:03:48
RS,4,dissection_lateral,05:04:16
RS,4,dissection_inferior,05:07:36
RS,4,tumour_debulking,05:15:44
RS,4,idle_time,05:17:25
RS,4,dissection_lateral,05:17:58
RS,4,tumour_debulking,05:21:42
RS,4,dissection_lateral,05:22:04
RS,4,rs_closure,05:22:52
RS,6,rs_approach_and_exposure,00:00:32
RS,6,rs_tumour_debunking_and_excision,00:31:08
RS,6,idle_time,00:31:13
RS,6,dissection_inferior,00:31:54
RS,6,dissection_medial,00:32:07
RS,6,idle_time,00:32:20
RS,6,tumour_debulking,00:32:47
RS,6,idle_time,00:34:36
RS,6,tumour_debulking,00:36:37
RS,6,dissection_inferior,00:41:55
RS,6,idle_time,00:43:27
RS,6,dissection_superior,00:47:32
RS,6,dissection_medial,00:51:00
RS,6,tumour_debulking,00:52:01
RS,6,idle_time,00:54:01
RS,6,dissection_inferior,00:56:09
RS,6,dissection_medial,01:09:28
RS,6,dissection_superior,01:11:09
RS,6,idle_time,01:12:30
RS,6,dissection_superior,01:12:56
RS,6,dissection_medial,01:15:13
RS,6,dissection_superior,01:17:51
RS,6,dissection_medial,01:18:03
RS,6,idle_time,01:19:56
RS,6,dissection_inferior,01:20:13
RS,6,idle_time,01:21:49
RS,6,tumour_debulking,01:22:27
RS,6,idle_time,01:23:48
RS,6,tumour_debulking,01:23:57
RS,6,idle_time,01:25:04
RS,6,dissection_inferior,01:26:11
RS,6,dissection_medial,01:38:41
RS,6,idle_time,01:47:16
RS,6,dissection_inferior,01:48:03
RS,6,idle_time,01:50:21
RS,6,tumour_debulking,01:50:44
RS,6,dissection_inferior,01:54:19
RS,6,idle_time,02:09:00
RS,6,dissection_inferior,02:09:25
RS,6,idle_time,02:12:52
RS,6,dissection_medial,02:13:23
RS,6,idle_time,02:16:40
RS,6,dissection_medial,02:18:23
RS,6,idle_time,02:21:44
RS,6,dissection_medial,02:22:03
RS,6,tumour_debulking,02:24:20
RS,6,tumour_debulking,02:25:42
RS,6,idle_time,02:28:23
RS,6,dissection_superior,02:29:03
RS,6,idle_time,02:29:16
RS,6,dissection_inferior,02:32:12
RS,6,dissection_medial,02:37:03
RS,6,idle_time,02:41:06
RS,6,dissection_inferior,02:42:27
RS,6,dissection_medial,02:42:59
RS,6,idle_time,02:45:23
RS,6,dissection_inferior,02:45:52
RS,6,idle_time,02:46:33
RS,6,dissection_lateral,02:47:46
RS,6,idle_time,02:48:33
RS,6,dissection_lateral,02:51:18
RS,6,idle_time,02:51:42
RS,6,dissection_superior,02:52:18
RS,6,dissection_lateral,02:54:17
RS,6,dissection_superior,02:55:17
RS,6,dissection_lateral,02:55:40
RS,6,dissection_superior,02:56:06
RS,6,tumour_debulking,02:56:41
RS,6,idle_time,02:57:22
RS,6,dissection_lateral,03:05:28
RS,6,idle_time,03:05:45
RS,6,dissection_lateral,03:05:51
RS,6,idle_time,03:05:56
RS,6,dissection_lateral,03:06:08
RS,6,idle_time,03:06:16
RS,6,dissection_lateral,03:06:26
RS,6,idle_time,03:06:41
RS,6,dissection_lateral,03:13:26
RS,6,idle_time,03:13:39
RS,6,dissection_lateral,03:25:33
RS,6,idle_time,03:25:50
RS,6,dissection_lateral,03:26:42
RS,6,idle_time,03:27:13
RS,6,dissection_lateral,03:27:21
RS,6,idle_time,03:27:58
RS,6,dissection_lateral,03:29:22
RS,6,idle_time,03:29:43
RS,6,dissection_lateral,03:33:07
RS,6,idle_time,03:33:45
RS,6,dissection_lateral,03:35:21
RS,6,idle_time,03:35:38
RS,6,dissection_lateral,03:36:02
RS,6,idle_time,03:36:11
RS,6,dissection_lateral,03:37:17
RS,6,idle_time,03:37:49
RS,6,dissection_lateral,03:38:12
RS,6,idle_time,03:38:47
RS,6,dissection_lateral,03:39:01
RS,6,idle_time,03:39:48
RS,6,dissection_lateral,03:39:55
RS,6,idle_time,03:56:13
RS,6,dissection_lateral,03:56:34
RS,6,idle_time,03:57:52
RS,6,dissection_superior,03:58:09
RS,6,idle_time,03:58:33
RS,6,dissection_superior,03:59:07
RS,6,idle_time,03:59:17
RS,6,dissection_superior,03:59:22
RS,6,idle_time,04:00:27
RS,6,dissection_inferior,04:01:13
RS,6,idle_time,04:02:05
RS,6,dissection_inferior,04:04:57
RS,6,dissection_lateral,04:05:36
RS,6,dissection_inferior,04:06:53
RS,6,tumour_debulking,04:08:51
RS,6,idle_time,04:09:32
RS,6,dissection_inferior,04:09:59
RS,6,idle_time,04:10:46
RS,6,dissection_superior,04:11:50
RS,6,idle_time,04:13:14
RS,6,dissection_inferior,04:13:42
RS,6,idle_time,04:13:55
RS,6,dissection_inferior,04:14:09
RS,6,idle_time,04:15:21
RS,6,dissection_medial,04:20:10
RS,6,dissection_lateral,04:22:25
RS,6,idle_time,04:22:44
RS,6,tumour_debulking,04:23:10
RS,6,idle_time,04:23:48
RS,6,tumour_debulking,04:24:02
RS,6,idle_time,04:24:21
RS,6,dissection_lateral,04:25:21
RS,6,idle_time,04:27:22
RS,6,tumour_debulking,04:27:33
RS,6,idle_time,04:30:07
RS,6,dissection_lateral,04:31:03
RS,6,idle_time,04:34:47
RS,6,dissection_inferior,04:35:50
RS,6,dissection_medial,04:38:51
RS,6,idle_time,04:39:32
RS,6,dissection_inferior,04:39:51
RS,6,dissection_medial,04:41:49
RS,6,tumour_debulking,04:42:16
RS,6,idle_time,04:44:45
RS,6,dissection_medial,04:47:33
RS,6,dissection_inferior,04:47:48
RS,6,dissection_medial,04:48:07
RS,6,dissection_inferior,04:48:25
RS,6,idle_time,04:48:39
RS,6,dissection_inferior,04:50:09
RS,6,dissection_medial,05:01:09
RS,6,dissection_superior,05:05:01
RS,6,dissection_medial,05:05:32
RS,6,dissection_inferior,05:09:07
RS,6,idle_time,05:10:07
RS,6,dissection_inferior,05:12:21
RS,6,dissection_medial,05:13:11
RS,6,dissection_inferior,05:13:16
RS,6,dissection_medial,05:13:55
RS,6,dissection_inferior,05:14:37
RS,6,idle_time,05:16:41
RS,6,dissection_medial,05:21:58
RS,6,idle_time,05:22:15
RS,6,dissection_medial,05:24:21
RS,6,tumour_debulking,05:29:20
RS,6,idle_time,05:32:55
RS,6,tumour_debulking,05:33:02
RS,6,idle_time,05:33:17
RS,6,dissection_medial,05:33:35
RS,6,idle_time,05:34:05
RS,6,dissection_medial,05:35:20
RS,6,idle_time,05:37:10
RS,6,tumour_debulking,05:37:16
RS,6,idle_time,05:38:48
RS,6,tumour_debulking,05:39:13
RS,6,tumour_debulking,05:39:20
RS,6,idle_time,05:39:35
RS,6,dissection_medial,05:40:02
RS,6,tumour_debulking,05:42:35
RS,6,idle_time,05:44:59
RS,6,dissection_medial,05:45:43
RS,6,tumour_debulking,05:51:35
RS,6,idle_time,05:52:07
RS,6,dissection_medial,05:53:29
RS,6,idle_time,05:56:24
RS,6,tumour_debulking,05:56:31
RS,6,idle_time,06:01:31
RS,6,tumour_debulking,06:03:03
RS,6,idle_time,06:04:13
RS,6,dissection_inferior,06:06:19
RS,6,tumour_debulking,06:12:33
RS,6,idle_time,06:13:46
RS,6,dissection_superior,06:18:37
RS,6,idle_time,06:19:05
RS,6,dissection_superior,06:19:16
RS,6,idle_time,06:19:23
RS,6,dissection_superior,06:19:53
RS,6,idle_time,06:20:01
RS,6,dissection_superior,06:20:11
RS,6,idle_time,06:22:23
RS,6,dissection_medial,06:25:31
RS,6,idle_time,06:27:23
RS,6,tumour_debulking,06:28:30
RS,6,idle_time,06:30:54
RS,6,tumour_debulking,06:33:19
RS,6,idle_time,06:34:58
RS,6,rs_closure,06:35:05
RS,6,idle_time,06:49:08
RS,6,Video finished at 06:49:07,06:49:08
RS,7,rs_approach_and_exposure,00:00:01
RS,7,idle_time,00:01:41
RS,7,rs_approach_and_exposure,00:02:23
RS,7,rs_tumour_debunking_and_excision,00:13:39
RS,7,tumour_debulking,00:13:39
RS,7,idle_time,00:14:55
RS,7,dissection_medial,00:18:00
RS,7,dissection_inferior,00:21:10
RS,7,idle_time,00:22:58
RS,7,dissection_inferior,00:23:21
RS,7,idle_time,00:23:45
RS,7,dissection_inferior,00:24:38
RS,7,dissection_lateral,00:26:27
RS,7,dissection_inferior,00:26:45
RS,7,dissection_medial,00:27:08
RS,7,tumour_debulking,00:27:15
RS,7,dissection_inferior,00:27:51
RS,7,dissection_medial,00:31:02
RS,7,idle_time,00:31:21
RS,7,dissection_medial,00:31:57
RS,7,idle_time,00:32:13
RS,7,tumour_debulking,00:35:12
RS,7,idle_time,00:37:40
RS,7,tumour_debulking,00:39:26
RS,7,idle_time,00:40:32
RS,7,dissection_medial,00:44:10
RS,7,idle_time,00:45:37
RS,7,dissection_medial,00:45:43
RS,7,tumour_debulking,00:48:22
RS,7,idle_time,00:48:23
RS,7,dissection_inferior,00:49:25
RS,7,idle_time,00:54:49
RS,7,dissection_inferior,00:55:15
RS,7,idle_time,00:57:08
RS,7,dissection_inferior,00:57:36
RS,7,idle_time,00:57:58
RS,7,dissection_lateral,00:59:18
RS,7,idle_time,01:00:02
RS,7,dissection_lateral,01:00:11
RS,7,idle_time,01:01:26
RS,7,dissection_inferior,01:03:59
RS,7,idle_time,01:09:35
RS,7,dissection_lateral,01:11:28
RS,7,idle_time,01:11:53
RS,7,dissection_lateral,01:12:16
RS,7,idle_time,01:13:01
RS,7,dissection_superior,01:13:23
RS,7,tumour_debulking,01:14:11
RS,7,idle_time,01:15:45
RS,7,dissection_inferior,01:18:46
RS,7,idle_time,01:22:33
RS,7,dissection_inferior,01:23:21
RS,7,idle_time,01:29:04
RS,7,dissection_inferior,01:32:40
RS,7,idle_time,01:41:54
RS,7,dissection_inferior,01:42:38
RS,7,dissection_medial,01:47:26
RS,7,idle_time,01:52:02
RS,7,dissection_medial,01:53:57
RS,7,dissection_inferior,01:56:38
RS,7,dissection_medial,01:56:46
RS,7,idle_time,01:57:29
RS,7,dissection_medial,01:57:36
RS,7,tumour_debulking,02:16:38
RS,7,idle_time,02:20:49
RS,7,dissection_inferior,02:23:41
RS,7,dissection_medial,02:38:18
RS,7,idle_time,02:51:03
RS,7,dissection_superior,02:51:21
RS,7,idle_time,02:58:58
RS,7,dissection_superior,03:05:31
RS,7,idle_time,03:09:24
RS,7,dissection_medial,03:09:45
RS,7,tumour_debulking,03:12:41
RS,7,idle_time,03:15:08
RS,7,dissection_medial,03:15:59
RS,7,idle_time,03:18:05
RS,7,dissection_medial,03:18:27
RS,7,idle_time,03:24:10
RS,7,dissection_medial,03:24:42
RS,7,idle_time,03:30:19
RS,7,dissection_medial,03:32:38
RS,7,idle_time,03:37:12
RS,7,dissection_medial,03:37:44
RS,7,idle_time,03:46:50
RS,7,dissection_medial,03:48:08
RS,7,idle_time,03:52:50
RS,7,dissection_medial,03:54:22
RS,7,idle_time,03:57:04
RS,7,dissection_medial,03:57:13
RS,7,idle_time,03:58:16
RS,7,tumour_debulking,03:59:19
RS,7,idle_time,04:00:21
RS,7,dissection_medial,04:00:53
RS,7,idle_time,04:05:19
RS,7,dissection_medial,04:09:01
RS,7,idle_time,04:16:54
RS,7,dissection_medial,04:17:38
RS,7,idle_time,04:29:03
RS,7,dissection_medial,04:30:45
RS,7,idle_time,04:33:06
RS,7,dissection_medial,04:34:38
RS,7,idle_time,04:37:52
RS,7,dissection_medial,04:38:51
RS,7,idle_time,04:42:40
RS,7,dissection_medial,04:43:19
RS,7,idle_time,04:46:13
RS,7,tumour_debulking,04:46:51
RS,7,idle_time,04:47:44
RS,7,idle_time,04:48:40
RS,7,dissection_medial,04:50:08
RS,7,idle_time,04:51:22
RS,7,dissection_medial,04:52:36
RS,7,tumour_debulking,04:57:11
RS,7,idle_time,04:58:50
RS,7,dissection_medial,04:59:19
RS,7,idle_time,05:00:15
RS,7,dissection_inferior,05:00:42
RS,7,dissection_lateral,05:01:28
RS,7,dissection_inferior,05:02:20
RS,7,idle_time,05:02:40
RS,7,dissection_inferior,05:02:48
RS,7,idle_time,05:03:47
RS,7,tumour_debulking,05:04:11
RS,7,dissection_inferior,05:05:18
RS,7,idle_time,05:06:47
RS,7,dissection_medial,05:08:26
RS,7,idle_time,05:09:30
RS,7,dissection_medial,05:09:33
RS,7,tumour_debulking,05:10:45
RS,7,idle_time,05:11:12
RS,7,dissection_inferior,05:13:24
RS,7,idle_time,05:17:31
RS,7,dissection_inferior,05:19:26
RS,7,idle_time,05:21:33
RS,7,dissection_lateral,05:22:03
RS,7,idle_time,05:22:44
RS,7,dissection_lateral,05:23:21
RS,7,idle_time,05:26:56
RS,7,dissection_lateral,05:29:58
RS,7,idle_time,05:30:33
RS,7,dissection_inferior,05:31:25
RS,7,tumour_debulking,05:35:27
RS,7,idle_time,05:36:40
RS,7,dissection_lateral,05:38:23
RS,7,idle_time,05:39:25
RS,7,tumour_debulking,05:39:55
RS,7,idle_time,05:41:12
RS,7,dissection_lateral,05:42:30
RS,7,dissection_superior,05:42:45
RS,7,tumour_debulking,05:43:26
RS,7,idle_time,05:45:09
RS,7,dissection_lateral,05:47:41
RS,7,idle_time,05:48:15
RS,7,tumour_debulking,05:48:39
RS,7,idle_time,05:49:29
RS,7,dissection_lateral,05:55:34
RS,7,idle_time,06:01:44
RS,7,rs_closure,06:01:56
RS,7,idle_time,06:38:56
RS,7,Video finished at 06:38:55,06:39:17
RS,8,rs_approach_and_exposure,00:00:00
RS,8,rs_tumour_debunking_and_excision,00:19:41
RS,8,tumour_debulking,00:19:41
RS,8,dissection_medial,00:29:53
RS,8,dissection_inferior,00:34:55
RS,8,idle_time,00:41:28
RS,8,dissection_inferior,00:43:01
RS,8,tumour_debulking,00:48:24
RS,8,idle_time,00:49:44
RS,8,tumour_debulking,00:50:19
RS,8,idle_time,00:51:31
RS,8,dissection_medial,00:52:20
RS,8,dissection_lateral,00:55:48
RS,8,dissection_medial,00:56:08
RS,8,idle_time,01:06:46
RS,8,tumour_debulking,01:07:24
RS,8,idle_time,01:08:27
RS,8,dissection_medial,01:09:06
RS,8,idle_time,01:10:19
RS,8,tumour_debulking,01:10:31
RS,8,idle_time,01:11:43
RS,8,dissection_medial,01:12:37
RS,8,idle_time,01:16:37
RS,8,dissection_medial,01:18:53
RS,8,idle_time,01:21:38
RS,8,dissection_medial,01:22:22
RS,8,idle_time,01:29:54
RS,8,dissection_medial,01:31:59
RS,8,idle_time,01:38:45
RS,8,dissection_medial,01:39:30
RS,8,idle_time,01:47:37
RS,8,dissection_medial,01:48:28
RS,8,idle_time,01:52:57
RS,8,dissection_inferior,01:53:41
RS,8,idle_time,01:54:58
RS,8,dissection_inferior,01:55:14
RS,8,idle_time,01:57:38
RS,8,dissection_inferior,01:58:13
RS,8,tumour_debulking,02:02:29
RS,8,idle_time,02:03:41
RS,8,dissection_inferior,02:05:00
RS,8,tumour_debulking,02:18:23
RS,8,dissection_inferior,02:19:06
RS,8,tumour_debulking,02:20:50
RS,8,idle_time,02:21:15
RS,8,dissection_inferior,02:22:26
RS,8,idle_time,02:25:18
RS,8,dissection_inferior,02:26:31
RS,8,idle_time,02:34:20
RS,8,dissection_inferior,02:34:36
RS,8,tumour_debulking,02:48:32
RS,8,idle_time,02:49:01
RS,8,dissection_medial,02:49:57
RS,8,idle_time,02:58:30
RS,8,dissection_medial,02:59:17
RS,8,tumour_debulking,03:14:59
RS,8,idle_time,03:16:25
RS,8,dissection_medial,03:17:18
RS,8,tumour_debulking,03:20:59
RS,8,idle_time,03:22:08
RS,8,dissection_medial,03:24:06
RS,8,idle_time,03:25:44
RS,8,dissection_inferior,03:26:10
RS,8,idle_time,03:27:41
RS,8,dissection_inferior,03:27:58
RS,8,idle_time,03:28:53
RS,8,tumour_debulking,03:29:05
RS,8,idle_time,03:30:58
RS,8,dissection_inferior,03:32:30
RS,8,dissection_medial,03:33:23
RS,8,idle_time,03:33:42
RS,8,dissection_inferior,03:35:36
RS,8,idle_time,03:35:47
RS,8,tumour_debulking,03:36:03
RS,8,idle_time,03:37:28
RS,8,dissection_inferior,03:38:06
RS,8,idle_time,03:38:52
RS,8,dissection_lateral,03:39:07
RS,8,idle_time,03:42:24
RS,8,dissection_lateral,03:44:17
RS,8,idle_time,03:44:37
RS,8,dissection_lateral,03:56:10
RS,8,idle_time,03:58:02
RS,8,dissection_lateral,03:59:34
RS,8,idle_time,04:02:51
RS,8,dissection_lateral,04:03:15
RS,8,tumour_debulking,04:12:54
RS,8,idle_time,04:17:21
RS,8,dissection_inferior,04:18:04
RS,8,idle_time,04:19:14
RS,8,dissection_lateral,04:19:25
RS,8,dissection_superior,04:19:55
RS,8,idle_time,04:23:52
RS,8,tumour_debulking,04:24:56
RS,8,idle_time,04:25:44
RS,8,dissection_lateral,04:26:33
RS,8,idle_time,04:31:15
RS,8,dissection_superior,04:33:55
RS,8,dissection_medial,04:34:22
RS,8,dissection_lateral,04:34:22
RS,8,dissection_superior,04:35:02
RS,8,idle_time,04:39:18
RS,8,tumour_debulking,04:39:27
RS,8,idle_time,04:40:22
RS,8,dissection_superior,04:41:25
RS,8,idle_time,04:42:49
RS,8,dissection_medial,04:43:23
RS,8,idle_time,04:48:19
RS,8,dissection_medial,04:48:44
RS,8,tumour_debulking,04:53:46
RS,8,dissection_medial,04:55:29
RS,8,tumour_debulking,04:58:06
RS,8,idle_time,04:58:54
RS,8,dissection_medial,04:59:12
RS,8,idle_time,04:59:34
RS,8,dissection_inferior,04:59:59
RS,8,idle_time,05:00:29
RS,8,tumour_debulking,05:00:47
RS,8,dissection_inferior,05:02:45
RS,8,tumour_debulking,05:02:56
RS,8,idle_time,05:03:17
RS,8,dissection_medial,05:03:34
RS,8,dissection_lateral,05:03:57
RS,8,idle_time,05:04:20
RS,8,rs_closure,05:05:31
RS,9,rs_approach_and_exposure,00:00:00
RS,9,rs_tumour_debunking_and_excision,00:04:25
RS,9,idle_time,00:04:26
RS,9,dissection_medial,00:04:52
RS,9,tumour_debulking,00:05:13
RS,9,idle_time,00:06:59
RS,9,tumour_debulking,00:07:23
RS,9,idle_time,00:08:17
RS,9,dissection_lateral,00:09:59
RS,9,tumour_debulking,00:10:29
RS,9,dissection_lateral,00:12:25
RS,9,idle_time,00:20:14
RS,9,dissection_inferior,00:20:44
RS,9,tumour_debulking,00:21:58
RS,9,dissection_medial,00:24:00
RS,9,idle_time,00:26:19
RS,9,tumour_debulking,00:28:15
RS,9,dissection_medial,00:30:58
RS,9,dissection_inferior,00:33:13
RS,9,idle_time,00:40:13
RS,9,dissection_inferior,00:41:34
RS,9,idle_time,00:44:38
RS,9,tumour_debulking,00:44:46
RS,9,idle_time,00:46:00
RS,9,dissection_inferior,00:46:24
RS,9,idle_time,00:48:42
RS,9,dissection_inferior,00:50:16
RS,9,idle_time,00:50:50
RS,9,dissection_medial,00:52:05
RS,9,tumour_debulking,01:01:41
RS,9,idle_time,01:03:01
RS,9,dissection_medial,01:03:18
RS,9,idle_time,01:03:36
RS,9,tumour_debulking,01:03:54
RS,9,idle_time,01:05:30
RS,9,dissection_medial,01:06:41
RS,9,idle_time,01:21:26
RS,9,dissection_inferior,01:22:17
RS,9,tumour_debulking,01:25:01
RS,9,idle_time,01:26:09
RS,9,tumour_debulking,01:27:04
RS,9,idle_time,01:27:53
RS,9,dissection_medial,01:28:13
RS,9,tumour_debulking,01:29:30
RS,9,idle_time,01:29:42
RS,9,dissection_medial,01:30:21
RS,9,dissection_superior,01:34:56
RS,9,dissection_medial,01:35:39
RS,9,tumour_debulking,01:41:00
RS,9,dissection_medial,01:41:39
RS,9,tumour_debulking,01:42:03
RS,9,dissection_medial,01:43:09
RS,9,tumour_debulking,01:43:47
RS,9,dissection_medial,01:43:57
RS,9,idle_time,01:44:23
RS,9,tumour_debulking,01:44:35
RS,9,idle_time,01:45:17
RS,9,tumour_debulking,01:45:46
RS,9,idle_time,01:46:44
RS,9,dissection_medial,01:47:21
RS,9,idle_time,01:54:26
RS,9,dissection_medial,01:55:28
RS,9,idle_time,01:56:09
RS,9,dissection_medial,01:56:35
RS,9,dissection_inferior,02:02:39
RS,9,idle_time,02:04:03
RS,9,dissection_medial,02:04:30
RS,9,idle_time,02:09:37
RS,9,dissection_inferior,02:09:55
RS,9,idle_time,02:10:28
RS,9,dissection_inferior,02:10:52
RS,9,dissection_medial,02:14:25
RS,9,dissection_inferior,02:14:53
RS,9,dissection_medial,02:17:10
RS,9,tumour_debulking,02:17:40
RS,9,dissection_inferior,02:20:39
RS,9,idle_time,02:22:02
RS,9,dissection_inferior,02:22:58
RS,9,idle_time,02:35:30
RS,9,dissection_inferior,02:35:43
RS,9,idle_time,02:47:56
RS,9,dissection_inferior,02:48:02
RS,9,dissection_medial,02:51:50
RS,9,idle_time,02:52:44
RS,9,dissection_medial,02:53:04
RS,9,tumour_debulking,02:54:05
RS,9,idle_time,02:57:00
RS,9,dissection_lateral,02:59:18
RS,9,idle_time,03:00:24
RS,9,dissection_lateral,03:00:29
RS,9,idle_time,03:00:50
RS,9,dissection_lateral,03:07:08
RS,9,idle_time,03:08:02
RS,9,dissection_lateral,03:10:10
RS,9,idle_time,03:10:53
RS,9,dissection_lateral,03:13:46
RS,9,idle_time,03:24:34
RS,9,dissection_lateral,03:25:04
RS,9,idle_time,03:25:22
RS,9,tumour_debulking,03:25:44
RS,9,idle_time,03:26:12
RS,9,tumour_debulking,03:26:18
RS,9,idle_time,03:27:03
RS,9,tumour_debulking,03:27:08
RS,9,idle_time,03:27:43
RS,9,dissection_lateral,03:28:27
RS,9,idle_time,03:29:09
RS,9,dissection_inferior,03:29:23
RS,9,dissection_lateral,03:29:30
RS,9,idle_time,03:29:44
RS,9,dissection_lateral,03:30:01
RS,9,idle_time,03:33:31
RS,9,dissection_lateral,03:37:40
RS,9,idle_time,03:40:24
RS,9,dissection_lateral,03:40:41
RS,9,dissection_lateral,03:41:34
RS,9,idle_time,03:41:48
RS,9,dissection_inferior,03:43:25
RS,9,dissection_lateral,03:44:47
RS,9,dissection_inferior,03:46:21
RS,9,dissection_lateral,03:47:43
RS,9,dissection_inferior,03:48:01
RS,9,idle_time,03:48:31
RS,9,dissection_inferior,03:48:56
RS,9,idle_time,03:50:10
RS,9,dissection_inferior,03:50:43
RS,9,dissection_medial,03:54:09
RS,9,tumour_debulking,03:55:35
RS,9,idle_time,03:56:39
RS,9,dissection_inferior,03:56:54
RS,9,idle_time,03:59:47
RS,9,dissection_medial,04:00:41
RS,9,idle_time,04:03:13
RS,9,tumour_debulking,04:03:22
RS,9,idle_time,04:04:16
RS,9,tumour_debulking,04:04:42
RS,9,idle_time,04:05:14
RS,9,dissection_superior,04:06:43
RS,9,idle_time,04:09:21
RS,9,dissection_superior,04:09:33
RS,9,idle_time,04:11:19
RS,9,dissection_superior,04:13:00
RS,9,idle_time,04:15:19
RS,9,dissection_superior,04:15:32
RS,9,idle_time,04:20:01
RS,9,dissection_superior,04:20:13
RS,9,idle_time,04:20:41
RS,9,tumour_debulking,04:23:17
RS,9,idle_time,04:23:36
RS,9,tumour_debulking,04:23:47
RS,9,idle_time,04:23:53
RS,9,tumour_debulking,04:23:59
RS,9,idle_time,04:24:15
RS,9,dissection_medial,04:24:51
RS,9,idle_time,04:26:46
RS,9,dissection_medial,04:27:01
RS,9,dissection_inferior,04:28:17
RS,9,dissection_medial,04:28:43
RS,9,idle_time,04:30:36
RS,9,dissection_medial,04:31:13
RS,9,idle_time,04:33:21
RS,9,tumour_debulking,04:34:24
RS,9,idle_time,04:35:13
RS,9,tumour_debulking,04:35:27
RS,9,idle_time,04:36:11
RS,9,dissection_medial,04:36:25
RS,9,idle_time,04:38:51
RS,9,tumour_debulking,04:38:57
RS,9,idle_time,04:39:41
RS,9,dissection_medial,04:40:13
RS,9,idle_time,04:42:57
RS,9,dissection_inferior,04:43:09
RS,9,idle_time,04:45:10
RS,9,tumour_debulking,04:45:19
RS,9,idle_time,04:46:25
RS,9,dissection_inferior,04:47:35
RS,9,idle_time,04:48:21
RS,9,dissection_lateral,04:52:32
RS,9,tumour_debulking,04:54:29
RS,9,idle_time,04:55:17
RS,9,dissection_lateral,04:55:33
RS,9,idle_time,04:56:28
RS,9,dissection_inferior,04:57:55
RS,9,idle_time,04:58:22
RS,9,dissection_inferior,04:59:24
RS,9,tumour_debulking,05:03:06
RS,9,dissection_inferior,05:03:47
RS,9,idle_time,05:04:00
RS,9,tumour_debulking,05:04:53
RS,9,idle_time,05:06:00
RS,9,tumour_debulking,05:08:34
RS,9,idle_time,05:12:51
RS,9,tumour_debulking,05:16:13
RS,9,rs_closure,05:16:18
RS,9,idle_time,05:27:57
RS,9,Video finished at 05:27:57,05:28:03
